"r","yr","value"
"al",2000,576.228558847162
"ak",2000,6.25032797065299
"az",2000,485.957897142062
"ar",2000,1307.97722424908
"ca",2000,6854.84305131295
"co",2000,893.260742818246
"ct",2000,132.459687019828
"de",2000,130.669951095905
"fl",2000,1882.91995772957
"ga",2000,1302.81479180743
"hi",2000,150.995212501517
"id",2000,717.593936336983
"il",2000,3108.5370298498
"in",2000,1709.7841683741
"ia",2000,3470.76892046679
"ks",2000,1952.88876618202
"ky",2000,1275.58580124498
"la",2000,613.942873630032
"me",2000,143.859457922295
"md",2000,338.195616347892
"ma",2000,106.154276226584
"mi",2000,910.428355868927
"mn",2000,2205.60712188379
"ms",2000,750.431512545379
"mo",2000,1347.82577788805
"mt",2000,502.644276519179
"ne",2000,2298.58759134299
"nv",2000,65.5315244740958
"nh",2000,32.5935064441172
"nj",2000,246.505529607269
"nm",2000,322.226078147673
"ny",2000,501.109821112023
"nc",2000,1844.26781604163
"nd",2000,1228.42622784721
"oh",2000,1461.0713584659
"ok",2000,817.32816900607
"or",2000,799.658809404143
"pa",2000,699.631723783867
"ri",2000,12.5514634925823
"sc",2000,398.069182891771
"sd",2000,1208.94960477844
"tn",2000,552.291652910882
"tx",2000,2697.02795637207
"ut",2000,163.033483598194
"vt",2000,48.7037361805848
"va",2000,540.538546187624
"wa",2000,1312.92146739262
"wv",2000,59.8818883575925
"wi",2000,921.596099577863
"wy",2000,146.614468801582
"al",2001,674.66472645302
"ak",2001,6.85440919551537
"az",2001,467.205468032541
"ar",2001,1348.10854331445
"ca",2001,7090.51234017785
"co",2001,918.748481961096
"ct",2001,129.100564218594
"de",2001,148.325208675465
"fl",2001,1857.49445040343
"ga",2001,1322.59800679368
"hi",2001,158.036797631539
"id",2001,738.456163126896
"il",2001,3309.63794462688
"in",2001,2012.68897105178
"ia",2001,3499.80321035188
"ks",2001,1988.61241973878
"ky",2001,1278.92467734435
"la",2001,605.437444768387
"me",2001,144.06127710968
"md",2001,365.162353459882
"ma",2001,99.2062423121115
"mi",2001,971.517700911619
"mn",2001,2209.10583731805
"ms",2001,837.125597013939
"mo",2001,1461.07793721757
"mt",2001,460.465209826407
"ne",2001,2428.99315318024
"nv",2001,69.7027148369961
"nh",2001,33.0941904793969
"nj",2001,251.232272384837
"nm",2001,329.601558909102
"ny",2001,512.567762715564
"nc",2001,2024.87232303345
"nd",2001,1352.13266266747
"oh",2001,1524.55044924599
"ok",2001,803.947650645998
"or",2001,855.609021189275
"pa",2001,758.424209378784
"ri",2001,15.6251359280466
"sc",2001,434.406122647089
"sd",2001,1214.94983275123
"tn",2001,681.158169098548
"tx",2001,2912.63275633521
"ut",2001,175.37097060394
"vt",2001,49.3509756709954
"va",2001,577.398903931721
"wa",2001,1404.66739427663
"wv",2001,65.7956456183954
"wi",2001,934.128017607847
"wy",2001,159.506123827835
"al",2002,532.322729731801
"ak",2002,6.49068662605071
"az",2002,511.918481536513
"ar",2002,1328.91006478851
"ca",2002,7212.26821091321
"co",2002,919.304058349439
"ct",2002,131.43044416673
"de",2002,122.214640201129
"fl",2002,1797.70102948076
"ga",2002,1101.5150734846
"hi",2002,152.185797781319
"id",2002,768.702952683652
"il",2002,3371.07107375106
"in",2002,1803.26744680203
"ia",2002,3934.20683944005
"ks",2002,2048.70570952813
"ky",2002,1090.59821204253
"la",2002,595.76886668499
"me",2002,119.418940769819
"md",2002,315.824458304047
"ma",2002,107.715463546717
"mi",2002,963.91764582388
"mn",2002,2516.30936940584
"ms",2002,776.999251016761
"mo",2002,1308.58429686481
"mt",2002,501.724057791563
"ne",2002,2484.5422103276
"nv",2002,57.2070332454066
"nh",2002,32.0720610945342
"nj",2002,251.510582843145
"nm",2002,288.238127222947
"ny",2002,500.601429564786
"nc",2002,1726.58524366331
"nd",2002,1617.16077191857
"oh",2002,1450.97179385966
"ok",2002,822.814676763458
"or",2002,795.691504727947
"pa",2002,703.547825569262
"ri",2002,16.0301133698614
"sc",2002,371.55505931155
"sd",2002,1197.35822987805
"tn",2002,630.322579036714
"tx",2002,2811.0425597003
"ut",2002,166.557291080423
"vt",2002,47.7144326118673
"va",2002,532.321096677211
"wa",2002,1411.30209121921
"wv",2002,56.3024933602987
"wi",2002,991.581665618356
"wy",2002,135.937325819627
"al",2003,721.449149188415
"ak",2003,8.27359402566551
"az",2003,552.783032955384
"ar",2003,1802.03573423107
"ca",2003,7850.84263995229
"co",2003,873.125385061721
"ct",2003,130.722427674313
"de",2003,120.766870968915
"fl",2003,1882.39968236774
"ga",2003,1332.24195198982
"hi",2003,159.457636559129
"id",2003,719.762688653879
"il",2003,3728.68833144232
"in",2003,1851.18188544814
"ia",2003,4350.4471124644
"ks",2003,2266.66629023166
"ky",2003,1150.09984141347
"la",2003,791.407308997254
"me",2003,118.902047340062
"md",2003,280.005617917519
"ma",2003,111.358827611536
"mi",2003,1103.56104032692
"mn",2003,2843.12350668216
"ms",2003,1137.07277226505
"mo",2003,1712.28208889855
"mt",2003,515.239762863141
"ne",2003,2854.42093124356
"nv",2003,59.9204264980007
"nh",2003,35.5723285836995
"nj",2003,261.857828694664
"nm",2003,316.811687973715
"ny",2003,486.054024100657
"nc",2003,1836.58755135342
"nd",2003,1681.33198237698
"oh",2003,1552.60793932804
"ok",2003,918.22767023982
"or",2003,921.187468165764
"pa",2003,731.424150717944
"ri",2003,17.8114016353009
"sc",2003,442.159000783048
"sd",2003,1390.24484144873
"tn",2003,854.781063987587
"tx",2003,3264.78902346863
"ut",2003,181.848907106687
"vt",2003,51.2884102881467
"va",2003,562.482649396749
"wa",2003,1557.43355463762
"wv",2003,61.9314914661666
"wi",2003,1089.21642097508
"wy",2003,143.089017999483
"al",2004,726.480975255257
"ak",2004,8.37567436992567
"az",2004,632.272730147271
"ar",2004,1914.97874389643
"ca",2004,8705.81856084038
"co",2004,741.162680703952
"ct",2004,135.256694431414
"de",2004,136.828745874315
"fl",2004,1877.40144197386
"ga",2004,1475.38170492448
"hi",2004,164.092161469243
"id",2004,775.385124984777
"il",2004,3772.33952747856
"in",2004,2227.09455336419
"ia",2004,4246.47497219968
"ks",2004,1905.95203784876
"ky",2004,1238.13154018836
"la",2004,797.929179415381
"me",2004,121.42451175448
"md",2004,323.771604166436
"ma",2004,117.658327839753
"mi",2004,1137.84835375612
"mn",2004,2812.00085238991
"ms",2004,1156.42618768383
"mo",2004,1743.39705708805
"mt",2004,627.554248706075
"ne",2004,2347.05890915994
"nv",2004,55.2002780661047
"nh",2004,37.4652384479508
"nj",2004,267.316766185739
"nm",2004,318.327638075219
"ny",2004,541.869942026057
"nc",2004,2164.51920010072
"nd",2004,1712.53311957774
"oh",2004,1698.72135691154
"ok",2004,956.035181528943
"or",2004,996.676777575526
"pa",2004,861.128322199269
"ri",2004,18.9708734094079
"sc",2004,503.5799616887
"sd",2004,1323.78613477612
"tn",2004,754.442193061983
"tx",2004,3568.11499099405
"ut",2004,174.536020436037
"vt",2004,55.4104900807454
"va",2004,591.507109367797
"wa",2004,1650.46720241892
"wv",2004,56.2965315607875
"wi",2004,1128.79752845372
"wy",2004,106.707041146087
"al",2005,774.465544365255
"ak",2005,9.76895744402637
"az",2005,663.653577312774
"ar",2005,1939.90512800521
"ca",2005,9683.05148779622
"co",2005,831.502538704391
"ct",2005,153.218108360644
"de",2005,140.951853155975
"fl",2005,2095.04407005709
"ga",2005,1480.04468659908
"hi",2005,185.836292587729
"id",2005,821.568135094495
"il",2005,3694.2123615015
"in",2005,1902.52772692117
"ia",2005,4402.28361512738
"ks",2005,2205.793557629
"ky",2005,1295.41853745065
"la",2005,777.969171998994
"me",2005,129.669278970928
"md",2005,315.896406987654
"ma",2005,121.275958459027
"mi",2005,1148.25971476113
"mn",2005,2721.18241771934
"ms",2005,1086.19783577939
"mo",2005,1696.00723505772
"mt",2005,637.123353627186
"ne",2005,2492.17125209941
"nv",2005,63.4698473778801
"nh",2005,38.3747359190969
"nj",2005,291.539535921942
"nm",2005,369.160494537714
"ny",2005,579.952458512772
"nc",2005,2099.2956439605
"nd",2005,1650.82891225893
"oh",2005,1659.33869578967
"ok",2005,1001.13960634821
"or",2005,1010.64190480467
"pa",2005,857.468784980849
"ri",2005,19.6702236202563
"sc",2005,479.588241652699
"sd",2005,1423.41180151818
"tn",2005,780.155769503568
"tx",2005,3649.24674773089
"ut",2005,203.06991225134
"vt",2005,60.0579876083248
"va",2005,574.664309382986
"wa",2005,1613.67176088875
"wv",2005,63.6420932843754
"wi",2005,1171.05317627991
"wy",2005,111.429552293111
"al",2006,698.622596469128
"ak",2006,9.47692280686332
"az",2006,706.173666489467
"ar",2006,2051.71555146336
"ca",2006,10354.4118327543
"co",2006,967.889422002927
"ct",2006,160.747419409594
"de",2006,137.775203004118
"fl",2006,2276.18134773324
"ga",2006,1514.21500403523
"hi",2006,198.636577556686
"id",2006,923.520614391963
"il",2006,4085.54087067912
"in",2006,2397.40387392929
"ia",2006,5266.63963183378
"ks",2006,2330.04331108581
"ky",2006,1433.10076910076
"la",2006,823.223629291534
"me",2006,145.41251131856
"md",2006,336.830148208944
"ma",2006,142.71879811894
"mi",2006,1433.67319344985
"mn",2006,3512.36457083223
"ms",2006,1144.53511825031
"mo",2006,1859.98834873809
"mt",2006,666.495284292566
"ne",2006,3077.38333958683
"nv",2006,77.5561908549687
"nh",2006,42.6431102161061
"nj",2006,335.982742364843
"nm",2006,397.263398437104
"ny",2006,672.930521428098
"nc",2006,2364.41441557288
"nd",2006,1912.47463479586
"oh",2006,1940.67930449382
"ok",2006,903.764901600872
"or",2006,1236.39580208972
"pa",2006,951.981458224463
"ri",2006,21.5181734675088
"sc",2006,543.340610070532
"sd",2006,1441.88028223866
"tn",2006,846.283464244517
"tx",2006,4130.2483280272
"ut",2006,225.747815302972
"vt",2006,67.0307909091027
"va",2006,619.99549310466
"wa",2006,1841.19388665055
"wv",2006,67.3687644460929
"wi",2006,1515.62156291869
"wy",2006,131.356791707272
"al",2007,842.331026007465
"ak",2007,10.2000342959639
"az",2007,843.915010802117
"ar",2007,2605.99057502796
"ca",2007,11564.4858177625
"co",2007,1286.90189923939
"ct",2007,193.816535592847
"de",2007,187.256783420164
"fl",2007,2608.41600276585
"ga",2007,1910.75720282886
"hi",2007,211.289925953773
"id",2007,1216.0087498552
"il",2007,5847.4311391872
"in",2007,3245.03464701637
"ia",2007,6830.95092701379
"ks",2007,3394.36315387497
"ky",2007,1675.98617267744
"la",2007,1132.389611628
"me",2007,165.303351709216
"md",2007,426.78740093697
"ma",2007,170.300511359632
"mi",2007,1827.06335266788
"mn",2007,4454.36775505881
"ms",2007,1461.04066141699
"mo",2007,2588.3611739914
"mt",2007,943.744506345697
"ne",2007,4181.6745014823
"nv",2007,83.9792467802524
"nh",2007,51.8960331750074
"nj",2007,396.876836219435
"nm",2007,489.72304679613
"ny",2007,870.861890672547
"nc",2007,2668.55758570688
"nd",2007,3063.02361471382
"oh",2007,2441.45496952855
"ok",2007,1205.76352036864
"or",2007,1428.26742956498
"pa",2007,1195.35457034642
"ri",2007,23.0971548127883
"sc",2007,590.860631721186
"sd",2007,2190.79924389694
"tn",2007,988.659292085346
"tx",2007,4927.68818527284
"ut",2007,264.384607120531
"vt",2007,89.1848169340739
"va",2007,733.551761931627
"wa",2007,2401.3715526555
"wv",2007,79.3382718827555
"wi",2007,1818.15273182173
"wy",2007,151.347576073233
"al",2008,1052.43742698805
"ak",2008,10.552755890726
"az",2008,1014.23342860144
"ar",2008,3510.52993966282
"ca",2008,14015.0541007932
"co",2008,1474.73672585884
"ct",2008,193.995643798912
"de",2008,239.806745689413
"fl",2008,2804.38041798033
"ga",2008,2287.04524667432
"hi",2008,257.511793110968
"id",2008,1482.61009783824
"il",2008,7615.03671613553
"in",2008,4386.53670765204
"ia",2008,9842.6158250703
"ks",2008,4149.99248818035
"ky",2008,1403.81177304166
"la",2008,1308.93562173618
"me",2008,195.122908141173
"md",2008,530.685621030698
"ma",2008,210.049989231119
"mi",2008,2317.23900173902
"mn",2008,6666.53566282406
"ms",2008,1798.23613715171
"mo",2008,3560.50351597529
"mt",2008,1124.50770305652
"ne",2008,5466.36554947397
"nv",2008,102.140615329323
"nh",2008,65.4598794626825
"nj",2008,381.969675830389
"nm",2008,536.103855613616
"ny",2008,1203.34918932534
"nc",2008,3323.78753856977
"nd",2008,4012.30965974783
"oh",2008,3398.2898006784
"ok",2008,1716.31282606375
"or",2008,1488.58441661209
"pa",2008,1518.66535600452
"ri",2008,30.1508788359275
"sc",2008,719.478509491407
"sd",2008,3549.06086326244
"tn",2008,1090.81810112836
"tx",2008,6044.54935966416
"ut",2008,305.573362650635
"vt",2008,136.178326204411
"va",2008,873.467786572652
"wa",2008,2676.64579240318
"wv",2008,105.414386115441
"wi",2008,2346.86049712046
"wy",2008,201.721779986372
"al",2009,1043.09604026184
"ak",2009,10.2990935078444
"az",2009,850.673676752147
"ar",2009,2861.81493121091
"ca",2009,13460.2843459146
"co",2009,1232.1932698381
"ct",2009,187.863094810538
"de",2009,230.919410365569
"fl",2009,2565.25257128234
"ga",2009,2105.70101047842
"hi",2009,274.845684660343
"id",2009,1159.7326426612
"il",2009,6660.73463346095
"in",2009,3783.82502758547
"ia",2009,8329.29570876793
"ks",2009,3563.04423027029
"ky",2009,1361.65054070208
"la",2009,1179.07963368034
"me",2009,183.475979314942
"md",2009,514.169886941661
"ma",2009,178.680625236538
"mi",2009,1886.74889155959
"mn",2009,5109.48918590087
"ms",2009,1600.61075589675
"mo",2009,2944.02274455676
"mt",2009,812.481931291968
"ne",2009,4989.47473139635
"nv",2009,97.6564118825156
"nh",2009,59.1227311759422
"nj",2009,364.880187429588
"nm",2009,488.622268211005
"ny",2009,991.351411696864
"nc",2009,3062.71561244755
"nd",2009,2954.46225992911
"oh",2009,2832.9019231982
"ok",2009,1104.3268721015
"or",2009,1254.23149988829
"pa",2009,1299.23786414272
"ri",2009,28.7194928876256
"sc",2009,702.97222459029
"sd",2009,2874.13815650012
"tn",2009,1141.79185196561
"tx",2009,4499.26362648056
"ut",2009,251.139615681754
"vt",2009,108.787388695151
"va",2009,798.242173978747
"wa",2009,2331.56413636436
"wv",2009,104.415531677407
"wi",2009,1802.2917327948
"wy",2009,206.94874797397
"al",2010,1134.82569346906
"ak",2010,11.4753531781522
"az",2010,1070.10380787171
"ar",2010,3190.11237143335
"ca",2010,15355.3994892142
"co",2010,1510.50762503185
"ct",2010,213.929151527433
"de",2010,241.466798636353
"fl",2010,2963.18106210907
"ga",2010,2587.85764359018
"hi",2010,308.292493760696
"id",2010,1488.40659042703
"il",2010,7463.88776715913
"in",2010,4298.93584074611
"ia",2010,9367.52516449644
"ks",2010,4666.64995897769
"ky",2010,1515.14845859083
"la",2010,1509.51018743876
"me",2010,236.990233857918
"md",2010,565.213826757333
"ma",2010,197.901108808067
"mi",2010,2355.15653171869
"mn",2010,6113.24032162326
"ms",2010,1784.33320306501
"mo",2010,3484.71553607279
"mt",2010,1076.50949913312
"ne",2010,5335.00121934949
"nv",2010,111.218671382442
"nh",2010,65.4131300084574
"nj",2010,399.035524307005
"nm",2010,681.930663170266
"ny",2010,1224.66225032985
"nc",2010,3391.01047123083
"nd",2010,3690.91966770707
"oh",2010,3406.8305752772
"ok",2010,1541.31919730733
"or",2010,1353.44460666856
"pa",2010,1615.34486272751
"ri",2010,31.6798320803511
"sc",2010,808.839908863003
"sd",2010,2964.25698353735
"tn",2010,1241.4315672342
"tx",2010,6324.80826026808
"ut",2010,329.919488277048
"vt",2010,139.960971914636
"va",2010,875.235649037815
"wa",2010,2800.59745815922
"wv",2010,115.167780213125
"wi",2010,2411.56021567168
"wy",2010,235.458326583287
"al",2011,1408.09338788576
"ak",2011,12.8477343936049
"az",2011,1514.75706971466
"ar",2011,3507.76467328869
"ca",2011,18197.9825025236
"co",2011,1860.71709314775
"ct",2011,238.764960839827
"de",2011,269.203444709
"fl",2011,3334.89076041024
"ga",2011,3218.09566940068
"hi",2011,363.076357998176
"id",2011,2012.54887728309
"il",2011,8594.28604198017
"in",2011,4999.07372298724
"ia",2011,10742.2740774369
"ks",2011,4649.18181833819
"ky",2011,1766.8936886033
"la",2011,1743.64188626951
"me",2011,274.855756916799
"md",2011,623.071550968066
"ma",2011,230.820422571714
"mi",2011,3001.17635116799
"mn",2011,7044.84673222023
"ms",2011,2095.32534775274
"mo",2011,4046.10798320789
"mt",2011,1713.47175936236
"ne",2011,7241.6756532036
"nv",2011,143.002237014663
"nh",2011,72.3598973136274
"nj",2011,458.850582284864
"nm",2011,783.026611541058
"ny",2011,1422.6511060421
"nc",2011,3900.41512219836
"nd",2011,4315.95368019087
"oh",2011,3601.39887117104
"ok",2011,1698.59420116049
"or",2011,1787.69681911454
"pa",2011,1826.2303891513
"ri",2011,34.625527402398
"sc",2011,977.952300048223
"sd",2011,3760.82183508598
"tn",2011,1478.63002054226
"tx",2011,6780.14527055504
"ut",2011,429.060497660337
"vt",2011,169.577416886263
"va",2011,1042.01834245444
"wa",2011,3649.54373884156
"wv",2011,135.450469898698
"wi",2011,2928.67980170139
"wy",2011,323.803937158696
"al",2012,1472.41377841495
"ak",2012,13.3413926386776
"az",2012,1335.36089982009
"ar",2012,4009.9507956841
"ca",2012,20184.3447369496
"co",2012,1722.78695337755
"ct",2012,249.60148129158
"de",2012,310.922989175566
"fl",2012,3645.43935520108
"ga",2012,3250.36763358621
"hi",2012,383.507279693508
"id",2012,2049.65574071804
"il",2012,8738.30452505011
"in",2012,5061.65157360946
"ia",2012,11553.4325335678
"ks",2012,4401.0150187634
"ky",2012,1803.16930627248
"la",2012,1931.45605022379
"me",2012,280.887136268223
"md",2012,725.472856319427
"ma",2012,218.899750569867
"mi",2012,2989.61159452789
"mn",2012,7801.5730398842
"ms",2012,2565.40987020132
"mo",2012,3879.82880335974
"mt",2012,1257.3139824821
"ne",2012,6787.51056248694
"nv",2012,135.934280943866
"nh",2012,72.8965919972783
"nj",2012,482.923843295747
"nm",2012,733.334724920571
"ny",2012,1483.70784676295
"nc",2012,4113.68276740986
"nd",2012,4422.36114132701
"oh",2012,4358.04397616739
"ok",2012,1787.05872395199
"or",2012,1792.76922947785
"pa",2012,2066.38150086481
"ri",2012,30.404112359493
"sc",2012,1027.24452722096
"sd",2012,3772.49643613626
"tn",2012,1483.32567197177
"tx",2012,5974.31599842951
"ut",2012,441.088245438775
"vt",2012,176.650184052984
"va",2012,1182.77998977689
"wa",2012,3688.71319789009
"wv",2012,158.091585145492
"wi",2012,3167.68723084887
"wy",2012,337.02955347194
"al",2013,1590.59983154698
"ak",2013,14.5308780432721
"az",2013,1435.5780407922
"ar",2013,4022.46867169396
"ca",2013,22782.1518832886
"co",2013,1641.84434646151
"ct",2013,253.186233313652
"de",2013,308.074491825682
"fl",2013,3659.01355091217
"ga",2013,3602.66955890812
"hi",2013,365.235067818745
"id",2013,2290.75679990925
"il",2013,7317.8427700268
"in",2013,4552.61938931861
"ia",2013,10345.4741144482
"ks",2013,4864.75121429979
"ky",2013,2359.00930278348
"la",2013,1849.39305933172
"me",2013,288.715239568295
"md",2013,755.189709986295
"ma",2013,206.839728930381
"mi",2013,3145.88593712252
"mn",2013,7908.90127829887
"ms",2013,2354.32877385936
"mo",2013,3924.5116199989
"mt",2013,1604.85145191367
"ne",2013,6373.86685258083
"nv",2013,145.218581616353
"nh",2013,79.4200655911041
"nj",2013,471.006788281462
"nm",2013,734.720868130473
"ny",2013,1620.41177532282
"nc",2013,4332.75535283727
"nd",2013,4523.10075772891
"oh",2013,4426.75415554962
"ok",2013,1850.27416984643
"or",2013,2009.01331837792
"pa",2013,2180.15765587505
"ri",2013,32.8469936912187
"sc",2013,1025.1299942291
"sd",2013,3723.01871767447
"tn",2013,1714.6564628612
"tx",2013,6101.76005138307
"ut",2013,481.480421299346
"vt",2013,214.37914044788
"va",2013,1217.02168570456
"wa",2013,3995.34593570063
"wv",2013,163.141681165783
"wi",2013,3108.53580828553
"wy",2013,348.483821417887
"al",2014,1513.13936687442
"ak",2014,16.8665515535103
"az",2014,1334.5091395093
"ar",2014,3624.82500083065
"ca",2014,23931.0129865039
"co",2014,1796.76042628284
"ct",2014,259.842800744946
"de",2014,322.853345630885
"fl",2014,3648.61045853518
"ga",2014,3000.4436618134
"hi",2014,366.55742763358
"id",2014,2224.26287442553
"il",2014,9836.24510127783
"in",2014,5810.43634546407
"ia",2014,11196.7124609931
"ks",2014,4627.44216336801
"ky",2014,2427.52360039353
"la",2014,1847.76750129142
"me",2014,287.759639601701
"md",2014,754.899345395
"ma",2014,182.630922494068
"mi",2014,3102.59795524962
"mn",2014,7385.73827950924
"ms",2014,2331.27819372341
"mo",2014,4342.4881674788
"mt",2014,1548.46210353743
"ne",2014,7235.40584221282
"nv",2014,176.139993579319
"nh",2014,84.6778094866531
"nj",2014,514.195506685307
"nm",2014,739.215889393587
"ny",2014,1682.55669850206
"nc",2014,4088.21315415836
"nd",2014,4898.80794223032
"oh",2014,4257.92944515592
"ok",2014,1633.30193564645
"or",2014,1991.18327985107
"pa",2014,2269.0563051586
"ri",2014,34.9808134872966
"sc",2014,880.478172883504
"sd",2014,4356.19317193332
"tn",2014,1746.41001611047
"tx",2014,6273.56428240129
"ut",2014,523.385038808652
"vt",2014,221.035638816926
"va",2014,1210.40978790992
"wa",2014,3800.21719523353
"wv",2014,169.827508405181
"wi",2014,3094.55019337392
"wy",2014,349.421558460066
"al",2015,1215.89172478306
"ak",2015,15.0389138205777
"az",2015,1312.73618906748
"ar",2015,3124.0573254351
"ca",2015,23150.5135172176
"co",2015,1663.3293721668
"ct",2015,306.706151635454
"de",2015,259.563571726593
"fl",2015,3582.36276503682
"ga",2015,2775.44750958247
"hi",2015,381.83822322005
"id",2015,1902.86281491629
"il",2015,7955.93509900675
"in",2015,4680.70993363034
"ia",2015,9889.23685118721
"ks",2015,4117.62287456442
"ky",2015,2178.98106951131
"la",2015,1601.51062137143
"me",2015,261.965367909939
"md",2015,674.89481490201
"ma",2015,217.201681356435
"mi",2015,2876.14734656039
"mn",2015,6320.39640442967
"ms",2015,1856.64091553815
"mo",2015,3596.48185252989
"mt",2015,1179.48036973838
"ne",2015,6413.88803055128
"nv",2015,136.390045052514
"nh",2015,87.4936076305062
"nj",2015,564.278106168696
"nm",2015,757.034358340584
"ny",2015,1477.42696074023
"nc",2015,3581.50080338414
"nd",2015,3726.03871869171
"oh",2015,3700.44881463206
"ok",2015,1506.75100069396
"or",2015,1903.04167295061
"pa",2015,2057.98952988421
"ri",2015,34.0591274244832
"sc",2015,800.010722843546
"sd",2015,3648.41620461388
"tn",2015,1529.08190480105
"tx",2015,5741.52181197478
"ut",2015,438.350420614286
"vt",2015,190.871711783178
"va",2015,1071.4393775528
"wa",2015,3547.20102453431
"wv",2015,146.913817596689
"wi",2015,2890.2973450848
"wy",2015,311.874220350103
"al",2016,1224.83106789905
"ak",2016,15.3914960723825
"az",2016,1344.62592993199
"ar",2016,3004.91480915917
"ca",2016,22446.0054318625
"co",2016,1609.44175711849
"ct",2016,291.965314815585
"de",2016,257.792576533411
"fl",2016,3441.90815219781
"ga",2016,2836.4758591869
"hi",2016,362.54550219783
"id",2016,1957.98577952822
"il",2016,8257.85453678428
"in",2016,4545.04894472703
"ia",2016,10944.4551527768
"ks",2016,4678.81437847612
"ky",2016,2135.1712684519
"la",2016,1367.31989200379
"me",2016,256.877622092865
"md",2016,672.760511090943
"ma",2016,205.231966159977
"mi",2016,2883.25399273839
"mn",2016,7033.20712798214
"ms",2016,1818.76623951687
"mo",2016,3553.77099963703
"mt",2016,1250.30433967605
"ne",2016,6637.2994299282
"nv",2016,118.513345170916
"nh",2016,87.557008101208
"nj",2016,568.294286858666
"nm",2016,759.687736684956
"ny",2016,1439.04765030086
"nc",2016,3390.59184722122
"nd",2016,4503.99031498966
"oh",2016,3658.90755583747
"ok",2016,1562.28824772342
"or",2016,1917.29858478886
"pa",2016,1979.34013259136
"ri",2016,32.8050617026503
"sc",2016,704.113434450242
"sd",2016,3919.9406988608
"tn",2016,1383.13357274517
"tx",2016,5789.8925809921
"ut",2016,414.936287565133
"vt",2016,186.672415152984
"va",2016,1052.32124416946
"wa",2016,3583.10273291652
"wv",2016,150.38231205231
"wi",2016,2897.86494783053
"wy",2016,301.596223756976
"al",2017,1306.08193981956
"ak",2017,17.2480784959399
"az",2017,1570.07283656774
"ar",2017,3187.20411771651
"ca",2017,22425.0395369951
"co",2017,1775.63272316894
"ct",2017,301.575201334869
"de",2017,264.971065437958
"fl",2017,3528.90260184058
"ga",2017,2777.57698191066
"hi",2017,369.856013723277
"id",2017,2049.66842843749
"il",2017,8033.56599088341
"in",2017,4763.33215042778
"ia",2017,10313.4359780837
"ks",2017,4795.71908518571
"ky",2017,2197.58413258566
"la",2017,1512.81259578859
"me",2017,265.384074060851
"md",2017,719.691863028623
"ma",2017,215.666099398854
"mi",2017,2831.40026076919
"mn",2017,6960.97164643148
"ms",2017,2001.45345216436
"mo",2017,4080.61872762269
"mt",2017,1233.27517914784
"ne",2017,6312.40250483267
"nv",2017,131.907413276488
"nh",2017,90.7303309791907
"nj",2017,593.126786015561
"nm",2017,771.357517619336
"ny",2017,1453.4500840735
"nc",2017,3660.9653209922
"nd",2017,4316.10954667933
"oh",2017,3691.639325097
"ok",2017,1814.81101609603
"or",2017,2025.92464307575
"pa",2017,2067.68578373511
"ri",2017,37.3541561184808
"sc",2017,789.785535251574
"sd",2017,3602.86392435802
"tn",2017,1542.06974186312
"tx",2017,6898.32004729632
"ut",2017,466.328173461595
"vt",2017,192.190693524727
"va",2017,1121.23799624589
"wa",2017,3733.415075067
"wv",2017,166.474819016175
"wi",2017,2979.91706892813
"wy",2017,317.498960875928
"al",2018,1382.77211729165
"ak",2018,18.2867873434702
"az",2018,1493.96033251469
"ar",2018,2980.70668941762
"ca",2018,24372.1076127698
"co",2018,1883.99682398886
"ct",2018,288.481902335725
"de",2018,267.394476842334
"fl",2018,3325.0784566536
"ga",2018,2840.71902074159
"hi",2018,344.400226594109
"id",2018,2163.74568475824
"il",2018,8557.17847708516
"in",2018,4611.66646271607
"ia",2018,10517.3232702268
"ks",2018,4853.49786925913
"ky",2018,2318.01299553518
"la",2018,1505.09038692023
"me",2018,274.713227261578
"md",2018,688.237258012434
"ma",2018,236.269160836176
"mi",2018,2811.00202053039
"mn",2018,6940.89921366971
"ms",2018,1827.45651955231
"mo",2018,4024.1493644994
"mt",2018,1194.5169511689
"ne",2018,6744.97691960937
"nv",2018,144.041150343136
"nh",2018,86.4586984608436
"nj",2018,602.1826680942
"nm",2018,807.692811767861
"ny",2018,1501.61700268343
"nc",2018,3519.08483913617
"nd",2018,4016.7393687891
"oh",2018,3838.28748998023
"ok",2018,1811.10642923043
"or",2018,2160.08052528065
"pa",2018,2079.8199511288
"ri",2018,35.225464006004
"sc",2018,868.441351225261
"sd",2018,3536.66733275345
"tn",2018,1503.78294689754
"tx",2018,6879.88053354197
"ut",2018,442.467772489437
"vt",2018,189.663356790568
"va",2018,1144.33425716168
"wa",2018,3694.89709900194
"wv",2018,165.275636058489
"wi",2018,3050.36926963085
"wy",2018,345.735979862775
"al",2019,1397.04819829142
"ak",2019,18.35829206885
"az",2019,1602.90329127718
"ar",2019,3057.52666318352
"ca",2019,24319.7454780933
"co",2019,1850.30717275853
"ct",2019,280.874156156181
"de",2019,264.645732656142
"fl",2019,3573.1554281139
"ga",2019,2768.13305669795
"hi",2019,329.150038533288
"id",2019,2289.68790537623
"il",2019,7885.51866030317
"in",2019,4562.46337060944
"ia",2019,9988.07189081564
"ks",2019,4930.34377756125
"ky",2019,2178.48450214432
"la",2019,1505.74167343375
"me",2019,284.05189931649
"md",2019,698.694301006442
"ma",2019,237.533291339425
"mi",2019,2769.25148291282
"mn",2019,6292.25209240106
"ms",2019,2041.26281028289
"mo",2019,3713.85650158474
"mt",2019,1369.36576777454
"ne",2019,6232.92225020604
"nv",2019,146.876708380042
"nh",2019,74.3070081921458
"nj",2019,692.89740075346
"nm",2019,788.413698505847
"ny",2019,1536.53451277388
"nc",2019,3427.36224890345
"nd",2019,4287.30984437849
"oh",2019,3598.2950250983
"ok",2019,1816.81545346424
"or",2019,2074.55309462525
"pa",2019,2054.28586893342
"ri",2019,30.336398955952
"sc",2019,793.334035859737
"sd",2019,3222.37189438146
"tn",2019,1521.3186798845
"tx",2019,6191.92510240872
"ut",2019,451.62136285609
"vt",2019,197.155575596296
"va",2019,1097.23987391309
"wa",2019,3700.38439973346
"wv",2019,160.771634543454
"wi",2019,2815.31175593264
"wy",2019,339.203689261005
"al",2020,1398.79869289778
"ak",2020,18.1158005359568
"az",2020,1348.22661238334
"ar",2020,3544.36787045508
"ca",2020,23090.7684518769
"co",2020,1816.18243247728
"ct",2020,277.820224231374
"de",2020,299.987673991928
"fl",2020,3533.36770789427
"ga",2020,3026.60470697845
"hi",2020,307.357368828928
"id",2020,2344.29047613249
"il",2020,8780.20759879647
"in",2020,5243.57343568408
"ia",2020,11332.2741637499
"ks",2020,5822.14360192935
"ky",2020,2288.96953572377
"la",2020,1734.75539983115
"me",2020,280.327061756824
"md",2020,790.558734110974
"ma",2020,234.430302369979
"mi",2020,3056.3292621158
"mn",2020,7201.72464352738
"ms",2020,2207.30366050076
"mo",2020,4514.60557053789
"mt",2020,1498.61165101221
"ne",2020,7283.02150075087
"nv",2020,144.423055675925
"nh",2020,75.8030525075258
"nj",2020,673.388672744132
"nm",2020,754.174544373068
"ny",2020,1638.49935582007
"nc",2020,3692.1540544523
"nd",2020,4379.19185476839
"oh",2020,4131.97925075894
"ok",2020,1900.35072384417
"or",2020,2071.56778078696
"pa",2020,2193.72124651121
"ri",2020,29.8357161136393
"sc",2020,821.994171369994
"sd",2020,3757.81039081653
"tn",2020,1791.58607127489
"tx",2020,5947.44721463937
"ut",2020,483.400699490174
"vt",2020,184.388286367126
"va",2020,1222.46130388085
"wa",2020,3892.33971756258
"wv",2020,166.241747015087
"wi",2020,3249.12844932984
"wy",2020,342.387899213968
"al",2021,1569.82489406026
"ak",2021,22.6243813677647
"az",2021,1469.46407451676
"ar",2021,3824.17812361653
"ca",2021,24342.1282522942
"co",2021,2214.23683869601
"ct",2021,303.563428132797
"de",2021,326.934854380584
"fl",2021,3676.98682451324
"ga",2021,3285.65725629611
"hi",2021,374.913860239715
"id",2021,2657.68741716692
"il",2021,11197.0288033894
"in",2021,6693.65319257382
"ia",2021,14270.9978745043
"ks",2021,7108.19834606024
"ky",2021,3074.15296495831
"la",2021,1894.61194525238
"me",2021,354.048993158174
"md",2021,917.270001493521
"ma",2021,262.858604784166
"mi",2021,4012.20369235342
"mn",2021,9396.66328368925
"ms",2021,2530.08852392852
"mo",2021,5276.58760932073
"mt",2021,1517.68347277772
"ne",2021,9317.0519502905
"nv",2021,169.990918484671
"nh",2021,74.0372584760269
"nj",2021,757.520576983512
"nm",2021,925.863102994311
"ny",2021,1940.64909633283
"nc",2021,4402.88271172837
"nd",2021,4950.18307443472
"oh",2021,5083.01564776882
"ok",2021,2194.04110756563
"or",2021,2491.32280337357
"pa",2021,2514.10711061185
"ri",2021,35.9329230922475
"sc",2021,1009.45810387113
"sd",2021,4917.28137924611
"tn",2021,1918.83891603566
"tx",2021,7267.25772603134
"ut",2021,558.751833489504
"vt",2021,226.895967285334
"va",2021,1332.48741426631
"wa",2021,3941.64141327912
"wv",2021,185.540923895712
"wi",2021,4049.16720033662
"wy",2021,424.049989328199
