"r","rr","value"
"WV","WV",0
"WV","FL",11.445167198933
"WV","IL",7.52319164594304
"WV","MN",14.0354905882811
"WV","MD",3.42322870677183
"WV","RI",8.40060329604764
"WV","ID",28.8689030884768
"WV","NH",9.41836311310339
"WV","NC",3.71064629037483
"WV","VT",8.97602547896971
"WV","CT",7.45358036692605
"WV","DE",4.49300129164818
"WV","NM",23.2041417034876
"WV","CA",34.0652925529575
"WV","NJ",5.37962800962903
"WV","WI",10.0942940364906
"WV","OR",33.6276201332117
"WV","NE",16.6258674504902
"WV","PA",3.45405764743886
"WV","WA",33.5551079311494
"WV","LA",13.3603902806539
"WV","GA",7.15072556570543
"WV","AL",8.63558542017612
"WV","UT",26.7586179218145
"WV","OH",2.67056020011753
"WV","TX",18.7860217594458
"WV","CO",21.5612415816169
"WV","SC",5.30882358179674
"WV","OK",15.3551384360169
"WV","TN",5.95589666481943
"WV","WY",23.099524578701
"WV","HI",75.2146367884656
"WV","ND",18.8123166407028
"WV","KY",4.28140756994813
"WV","ME",11.9689019570248
"WV","NY",6.36702639778969
"WV","NV",30.981805766355
"WV","AK",53.1315721263107
"WV","MI",8.13155847357004
"WV","AR",11.3272452028794
"WV","MS",10.4971374640779
"WV","MO",10.3322169313599
"WV","MT",25.2910224809463
"WV","KS",15.441140875455
"WV","IN",5.08574496180973
"WV","SD",17.516936194428
"WV","MA",8.65205000621276
"WV","VA",2.12101119180837
"WV","DC",3.13551561079103
"WV","IA",11.5654319674887
"WV","AZ",28.0778339094324
"FL","WV",11.445167198933
"FL","FL",0
"FL","IL",14.3366685232275
"FL","MN",22.3798735467445
"FL","MD",12.8169153656425
"FL","RI",17.6497819630827
"FL","ID",33.5121940247902
"FL","NH",19.5177392045155
"FL","NC",8.45343502086492
"FL","VT",19.4316319220815
"FL","CT",17.0390138898677
"FL","DE",13.3774066915832
"FL","NM",23.3442338043642
"FL","CA",35.8704139988189
"FL","NJ",14.7936235632821
"FL","WI",19.1096906533717
"FL","OR",37.8895231878516
"FL","NE",21.3976713390888
"FL","PA",14.4537503437365
"FL","WA",38.9810916360143
"FL","LA",9.43261296806891
"FL","GA",4.72319628788109
"FL","AL",6.34594618119214
"FL","UT",29.3964722932202
"FL","OH",13.291652883478
"FL","TX",16.5661599610241
"FL","CO",24.2650396173629
"FL","SC",6.20238826287525
"FL","OK",16.2234843641833
"FL","TN",8.97455561454926
"FL","WY",27.6624864808467
"FL","HI",75.7171213736103
"FL","ND",26.2353499458152
"FL","KY",10.4116347633807
"FL","ME",22.0503133461979
"FL","NY",17.2212603828353
"FL","NV",33.5804498190275
"FL","AK",61.8011119664688
"FL","MI",18.4808580068802
"FL","AR",11.8361535865324
"FL","MS",8.34267897906233
"FL","MO",14.3935468668338
"FL","MT",31.3167623751675
"FL","KS",18.4584271283601
"FL","IN",13.2098379472666
"FL","SD",23.7387977582953
"FL","MA",18.1623797398243
"FL","VA",10.6610935520185
"FL","DC",12.6514783539116
"FL","IA",18.1212613718417
"FL","AZ",28.3873059692193
"IL","WV",7.52319164594304
"IL","FL",14.3366685232275
"IL","IL",0
"IL","MN",8.04513950023223
"IL","MD",10.7695135532714
"IL","RI",14.9017645011357
"IL","ID",21.4545219328159
"IL","NH",15.0594834679987
"IL","NC",10.1784089807965
"IL","VT",14.2805683830304
"IL","CT",13.8911263618618
"IL","DE",11.809591940196
"IL","NM",16.2755776245847
"IL","CA",26.5871520762886
"IL","NJ",12.3240959256383
"IL","WI",5.04976871287132
"IL","OR",26.1912941661227
"IL","NE",9.10998393383669
"IL","PA",9.60372085055526
"IL","WA",26.3398552669039
"IL","LA",10.537199387951
"IL","GA",9.77879130783543
"IL","AL",8.45593043294532
"IL","UT",19.258672492111
"IL","OH",5.47774690986758
"IL","TX",13.3089839369402
"IL","CO",14.1094265455221
"IL","SC",10.1197448443148
"IL","OK",8.91197955667085
"IL","TN",5.36309950011535
"IL","WY",15.6251226780434
"IL","HI",67.7318354862423
"IL","ND",12.1925795528233
"IL","KY",4.4214553659181
"IL","ME",17.2413770737237
"IL","NY",11.7013694216715
"IL","NV",23.4669144297697
"IL","AK",47.5779462479232
"IL","MI",5.98477485956411
"IL","AR",6.499949225308
"IL","MS",8.26256465497553
"IL","MO",3.47220305825837
"IL","MT",18.1588187051343
"IL","KS",8.15442836964895
"IL","IN",2.45434790915897
"IL","SD",10.3000116722068
"IL","MA",14.9368996203165
"IL","VA",9.53885053069244
"IL","DC",10.4987624935792
"IL","IA",4.24640450246132
"IL","AZ",20.9236547582827
"MN","WV",14.0354905882811
"MN","FL",22.3798735467445
"MN","IL",8.04513950023223
"MN","MN",0
"MN","MD",16.4842884741249
"MN","RI",18.8459029741167
"MN","ID",16.1038436304933
"MN","NH",17.988576057879
"MN","NC",17.4283861643457
"MN","VT",17.0232312935187
"MN","CT",17.9332831081328
"MN","DE",17.3294117296557
"MN","NM",16.6423382031385
"MN","CA",23.3177611725247
"MN","NJ",17.2461923424789
"MN","WI",3.96919589575345
"MN","OR",20.8078158162216
"MN","NE",7.00008629450804
"MN","PA",14.4768433193162
"MN","WA",20.0217895435107
"MN","LA",17.3101554191345
"MN","GA",17.8104202785081
"MN","AL",16.376423915984
"MN","UT",16.2209032434721
"MN","OH",11.3845969662967
"MN","TX",17.1615403497839
"MN","CO",12.3567944542152
"MN","SC",17.8816510330479
"MN","OK",12.2999143569384
"MN","TN",13.4080046769522
"MN","WY",11.1920404136543
"MN","HI",63.6041873969088
"MN","ND",4.92244317481783
"MN","KY",12.2656855442702
"MN","ME",19.3505985607802
"MN","NY",15.181909718703
"MN","NV",19.8236638905756
"MN","AK",39.591659913445
"MN","MI",6.79098078380057
"MN","AR",12.8307849725575
"MN","MS",15.6662055308341
"MN","MO",8.9963696791555
"MN","MT",11.8001740516278
"MN","KS",9.40141527041053
"MN","IN",9.6120533459992
"MN","SD",5.17227232097733
"MN","MA",18.6146648926514
"MN","VA",16.1456903569911
"MN","DC",16.2806140740122
"MN","IA",4.79075369536993
"MN","AZ",19.9144064358017
"MD","WV",3.42322870677183
"MD","FL",12.8169153656425
"MD","IL",10.7695135532714
"MD","MN",16.4842884741249
"MD","MD",0
"MD","RI",5.28209973800155
"MD","ID",31.8564721018137
"MD","NH",6.78427918951403
"MD","NC",4.38004072308873
"MD","VT",6.61995865171338
"MD","CT",4.45059920411704
"MD","DE",1.06993957052948
"MD","NM",26.6229153149722
"MD","CA",37.356652645518
"MD","NJ",2.17263792271588
"MD","WI",12.52382926394
"MD","OR",36.6281400658388
"MD","NE",19.7984700801987
"MD","PA",2.38319962921999
"MD","WA",36.3446621812297
"MD","LA",16.4172801880314
"MD","GA",9.28626342401216
"MD","AL",11.4535517884836
"MD","UT",30.0252338380491
"MD","OH",5.41099865342794
"MD","TX",22.1385300398611
"MD","CO",24.87159429161
"MD","SC",6.76873465492567
"MD","OK",18.7781694287203
"MD","TN",9.20619970695075
"MD","WY",26.1779451282678
"MD","HI",78.5003249638747
"MD","ND",21.3777051945776
"MD","KY",7.68362335454828
"MD","ME",9.36289430766428
"MD","NY",4.51860224644902
"MD","NV",34.2192250336905
"MD","AK",54.7768065316887
"MD","MI",9.97293419450336
"MD","AR",14.701611563801
"MD","MS",13.5849886478087
"MD","MO",13.7242875392795
"MD","MT",28.0641297344738
"MD","KS",18.804615717969
"MD","IN",8.31612765558009
"MD","SD",20.4197775752569
"MD","MA",5.65643526627712
"MD","VA",2.35559736060081
"MD","DC",0.2887788994665
"MD","IA",14.6229380102814
"MD","AZ",31.480412145188
"RI","WV",8.40060329604764
"RI","FL",17.6497819630827
"RI","IL",14.9017645011357
"RI","MN",18.8459029741167
"RI","MD",5.28209973800155
"RI","RI",0
"RI","ID",34.8524888520667
"RI","NH",2.32198966642248
"RI","NC",9.45144006021853
"RI","VT",2.91336537196151
"RI","CT",1.01066096123149
"RI","DE",4.41460437100269
"RI","NM",31.1401721411257
"RI","CA",41.1550937662698
"RI","NJ",3.11104647580044
"RI","WI",15.144424446927
"RI","OR",39.5995304967938
"RI","NE",23.4544169042807
"RI","PA",5.34054136479636
"RI","WA",38.8308035393005
"RI","LA",21.6680737320196
"RI","GA",14.5003429443709
"RI","AL",16.7340613966397
"RI","UT",33.7965824534878
"RI","OH",9.48027477654326
"RI","TX",27.1504686591353
"RI","CO",28.8434306804058
"RI","SC",11.8768092209845
"RI","OK",23.4759918367273
"RI","TN",14.3484706795237
"RI","WY",29.4773105340856
"RI","HI",82.1239889019756
"RI","ND",23.7247858892913
"RI","KY",12.6344106298734
"RI","ME",4.50525325726308
"RI","NY",3.6649029451128
"RI","NV",37.8602010908623
"RI","AK",54.8534650858447
"RI","MI",12.0676135875242
"RI","AR",19.6809252308849
"RI","MS",18.821727539993
"RI","MO",18.1821171781837
"RI","MT",30.6444503395396
"RI","KS",23.0527314218202
"RI","IN",12.5664976151608
"RI","SD",23.4551073695483
"RI","MA",0.629695871141177
"RI","VA",7.62707491288282
"RI","DC",5.54222353648621
"RI","IA",18.1842217422466
"RI","AZ",35.8237076004939
"ID","WV",28.8689030884768
"ID","FL",33.5121940247902
"ID","IL",21.4545219328159
"ID","MN",16.1038436304933
"ID","MD",31.8564721018137
"ID","RI",34.8524888520667
"ID","ID",0
"ID","NH",34.0887800458396
"ID","NC",31.5965600606118
"ID","VT",33.1255191334984
"ID","CT",33.9089929232534
"ID","DE",32.8160108753964
"ID","NM",13.2952914970743
"ID","CA",9.02639306761574
"ID","NJ",32.9725962626622
"ID","WI",19.7109417534003
"ID","OR",4.77309870226108
"ID","NE",12.4898768836018
"ID","PA",30.1428457000419
"ID","WA",5.69381001852776
"ID","LA",24.967255157408
"ID","GA",29.9400938304398
"ID","AL",27.2632458810146
"ID","UT",6.15547327418458
"ID","OH",26.460118550851
"ID","TX",19.6594289960549
"ID","CO",9.65273208000666
"ID","SC",31.1657918473396
"ID","OK",17.5530894558916
"ID","TN",25.7535189408875
"ID","WY",5.92432037982699
"ID","HI",47.5279972925463
"ID","ND",11.4851359010939
"ID","KY",25.6858330178828
"ID","ME",35.417375483163
"ID","NY",31.2043191619803
"ID","NV",5.84119765840453
"ID","AK",31.5610140923151
"ID","MI",22.8014155978681
"ID","AR",21.6784998706746
"ID","MS",25.2019102438717
"ID","MO",19.6290804590444
"ID","MT",4.88268781106606
"ID","KS",15.0559737175934
"ID","IN",23.8144157796303
"ID","SD",11.4587826618514
"ID","MA",34.6588644828901
"ID","VA",30.946390438874
"ID","DC",31.6133085129844
"ID","IA",17.3040439270003
"ID","AZ",11.5284761787844
"NH","WV",9.41836311310339
"NH","FL",19.5177392045155
"NH","IL",15.0594834679987
"NH","MN",17.988576057879
"NH","MD",6.78427918951403
"NH","RI",2.32198966642248
"NH","ID",34.0887800458396
"NH","NH",0
"NH","NC",11.1442697450481
"NH","VT",0.97992981205612
"NH","CT",2.53072888321043
"NH","DE",6.14044541684198
"NH","NM",31.3209610417403
"NH","CA",40.7888029347392
"NH","NJ",4.72420964881542
"NH","WI",14.5130743285562
"NH","OR",38.7951312116231
"NH","NE",23.1497025699293
"NH","PA",6.01763824060997
"NH","WA",37.805949446768
"NH","LA",22.7726144515166
"NH","GA",16.0521647489782
"NH","AL",18.0093772137553
"NH","UT",33.4563519251401
"NH","OH",9.88852107651861
"NH","TX",27.8228896638057
"NH","CO",28.6640875905383
"NH","SC",13.5495465289149
"NH","OK",23.8688777026254
"NH","TN",15.3224535033299
"NH","WY",28.909910642479
"NH","HI",81.5406349701114
"NH","ND",22.7718288867316
"NH","KY",13.4419640271764
"NH","ME",2.58593110507385
"NH","NY",3.36835752725466
"NH","NV",37.4186222151233
"NH","AK",52.9443578348704
"NH","MI",11.3487893689843
"NH","AR",20.3821955789965
"NH","MS",19.907647465441
"NH","MO",18.4673698561929
"NH","MT",29.7178272910886
"NH","KS",23.1152215366728
"NH","IN",12.8842868995984
"NH","SD",22.8247726163201
"NH","MA",1.69310448467047
"NH","VA",9.11055086339565
"NH","DC",6.99675136656554
"NH","IA",17.9250254807627
"NH","AZ",35.8443289320512
"NC","WV",3.71064629037483
"NC","FL",8.45343502086492
"NC","IL",10.1784089807965
"NC","MN",17.4283861643457
"NC","MD",4.38004072308873
"NC","RI",9.45144006021853
"NC","ID",31.5965600606118
"NC","NH",11.1442697450481
"NC","NC",0
"NC","VT",10.9993642466103
"NC","CT",8.7305071559006
"NC","DE",5.05202688551798
"NC","NM",24.5621967207179
"NC","CA",36.1022136552914
"NC","NJ",6.44228657603198
"NC","WI",13.5586770125764
"NC","OR",36.3091859566487
"NC","NE",19.1504112839753
"NC","PA",6.08424343866594
"NC","WA",36.5160561190665
"NC","LA",12.8682679219383
"NC","GA",5.10012152305122
"NC","AL",7.74354727095944
"NC","UT",28.923684235848
"NC","OH",6.28242071640709
"NC","TX",19.2456428486361
"NC","CO",23.6357927943989
"NC","SC",2.42553638621472
"NC","OK",16.6192843493457
"NC","TN",6.5294740570677
"NC","WY",25.7234105978232
"NC","HI",77.1464603010642
"NC","ND",22.0743452026179
"NC","KY",5.94156069791406
"NC","ME",13.7105749775338
"NC","NY",8.77615400197172
"NC","NV",33.1990586695831
"NC","AK",56.7491981014796
"NC","MI",11.8136195006089
"NC","AR",12.1147323602026
"NC","MS",10.1840966927312
"NC","MO",12.2753929338504
"NC","MT",28.3138817215612
"NC","KS",17.392279937141
"NC","IN",7.96843685695129
"NC","SD",20.4632928190177
"NC","MA",9.90443413920466
"NC","VA",2.24825520718037
"NC","DC",4.20213672707085
"NC","IA",14.4126677989151
"NC","AZ",29.596358864382
"VT","WV",8.97602547896971
"VT","FL",19.4316319220815
"VT","IL",14.2805683830304
"VT","MN",17.0232312935187
"VT","MD",6.61995865171338
"VT","RI",2.91336537196151
"VT","ID",33.1255191334984
"VT","NH",0.97992981205612
"VT","NC",10.9993642466103
"VT","VT",0
"VT","CT",2.78376534965149
"VT","DE",6.11349900586565
"VT","NM",30.5171131784719
"VT","CA",39.8709806026087
"VT","NJ",4.71051751303616
"VT","WI",13.576343946897
"VT","OR",37.8278714792438
"VT","NE",22.2519928794704
"VT","PA",5.52763163815953
"VT","WA",36.827564475519
"VT","LA",22.2814913991217
"VT","GA",15.79344843466
"VT","AL",17.6071737599847
"VT","UT",32.5454265070168
"VT","OH",9.21858733185947
"VT","TX",27.163255753831
"VT","CO",27.7842616427744
"VT","SC",13.3721067413034
"VT","OK",23.1305652640986
"VT","TN",14.8071456793439
"VT","WY",27.9687475984585
"VT","HI",80.5889005789464
"VT","ND",21.7980434664628
"VT","KY",12.8756476308175
"VT","ME",3.04643674008944
"VT","NY",2.69479409551514
"VT","NV",36.4908722133679
"VT","AK",52.0709197674287
"VT","MI",10.4072505843221
"VT","AR",19.747495538341
"VT","MS",19.4172394927541
"VT","MO",17.7111636030222
"VT","MT",28.7441178951389
"VT","KS",22.2927144992035
"VT","IN",12.1608580103105
"VT","SD",21.8792197918938
"VT","MA",2.33051089454766
"VT","VA",8.88251396250781
"VT","DC",6.8025982428163
"VT","IA",17.0430652063446
"VT","AZ",35.0001564902445
"CT","WV",7.45358036692605
"CT","FL",17.0390138898677
"CT","IL",13.8911263618618
"CT","MN",17.9332831081328
"CT","MD",4.45059920411704
"CT","RI",1.01066096123149
"CT","ID",33.9089929232534
"CT","NH",2.53072888321043
"CT","NC",8.7305071559006
"CT","VT",2.78376534965149
"CT","CT",0
"CT","DE",3.68226965242743
"CT","NM",30.130590990949
"CT","CA",40.1612337246463
"CT","NJ",2.29481767307627
"CT","WI",14.1980572124165
"CT","OR",38.6610605025213
"CT","NE",22.4602071833253
"CT","PA",4.33550051445575
"CT","WA",37.9364182785441
"CT","LA",20.7637719257332
"CT","GA",13.7267052549106
"CT","AL",15.868803962294
"CT","UT",32.8020015207797
"CT","OH",8.47163294969542
"CT","TX",26.1742776919944
"CT","CO",27.8394378136096
"CT","SC",11.1520141624837
"CT","OK",22.4736075809607
"CT","TN",13.4085965853402
"CT","WY",28.5075111568725
"CT","HI",81.1467849410734
"CT","ND",22.8253742556566
"CT","KY",11.6643669683244
"CT","ME",5.01157087932661
"CT","NY",2.79131075500917
"CT","NV",36.8736353741244
"CT","AK",54.2890789589228
"CT","MI",11.1457432355671
"CT","AR",18.7045119109339
"CT","MS",17.9106494219324
"CT","MO",17.1736056989368
"CT","MT",29.7334251755236
"CT","KS",22.0422708802172
"CT","IN",11.5571612578879
"CT","SD",22.4975824783736
"CT","MA",1.21279766407134
"CT","VA",6.8061808786927
"CT","DC",4.69487185152361
"CT","IA",17.1893485531968
"CT","AZ",34.8132209134692
"DE","WV",4.49300129164818
"DE","FL",13.3774066915832
"DE","IL",11.809591940196
"DE","MN",17.3294117296557
"DE","MD",1.06993957052948
"DE","RI",4.41460437100269
"DE","ID",32.8160108753964
"DE","NH",6.14044541684198
"DE","NC",5.05202688551798
"DE","VT",6.11349900586565
"DE","CT",3.68226965242743
"DE","DE",0
"DE","NM",27.692462950248
"DE","CA",38.3949703634745
"DE","NJ",1.41737431091224
"DE","WI",13.3843927450403
"DE","OR",37.5888632270277
"DE","NE",20.8128563619823
"DE","PA",2.93738805690912
"DE","WA",37.2476831289716
"DE","LA",17.3917179834356
"DE","GA",10.0857433014299
"DE","AL",12.3864552870414
"DE","UT",31.0584249450789
"DE","OH",6.41088666711088
"DE","TX",23.1863832417308
"DE","CO",25.9167531439395
"DE","SC",7.47625670101257
"DE","OK",19.8476532774299
"DE","TN",10.2400183853694
"DE","WY",27.1646263213427
"DE","HI",79.5341291527063
"DE","ND",22.2382073222989
"DE","KY",8.74858486050813
"DE","ME",8.68192183201463
"DE","NY",4.37236589948409
"DE","NV",35.2440002835344
"DE","AK",55.3345576804499
"DE","MI",10.7231706537621
"DE","AR",15.7573465789303
"DE","MS",14.5726440838772
"DE","MO",14.7895517548925
"DE","MT",28.9692904940058
"DE","KS",19.8632325064696
"DE","IN",9.35865737037964
"DE","SD",21.3677813293132
"DE","MA",4.85271004741406
"DE","VA",3.25891268387038
"DE","DC",1.35752477446582
"DE","IA",15.6172468805266
"DE","AZ",32.5466937323633
"NM","WV",23.2041417034876
"NM","FL",23.3442338043642
"NM","IL",16.2755776245847
"NM","MN",16.6423382031385
"NM","MD",26.6229153149722
"NM","RI",31.1401721411257
"NM","ID",13.2952914970743
"NM","NH",31.3209610417403
"NM","NC",24.5621967207179
"NM","VT",30.5171131784719
"NM","CT",30.130590990949
"NM","DE",27.692462950248
"NM","NM",0
"NM","CA",12.6125685590825
"NM","NJ",28.4171789524258
"NM","WI",18.0258875479056
"NM","OR",16.3510906018135
"NM","NE",9.64303596442967
"NM","PA",25.8074207331131
"NM","WA",18.8456069771965
"NM","LA",13.9402056391148
"NM","GA",21.0964551894654
"NM","AL",17.9324075169851
"NM","UT",7.37143244335004
"NM","OH",21.6612476169307
"NM","TX",7.15452632048513
"NM","CO",5.11981867372802
"NM","SC",23.2036032213797
"NM","OK",7.94537578412313
"NM","TN",18.032764558524
"NM","WY",9.63070946119474
"NM","HI",52.7841845729423
"NM","ND",15.24458730416
"NM","KY",19.0294295500751
"NM","ME",33.4250088914281
"NM","NY",27.9715467903276
"NM","NV",10.8681975973006
"NM","AK",44.8484501585488
"NM","MI",20.8943214102247
"NM","AR",12.517724446692
"NM","MS",15.3637557082414
"NM","MO",12.964739611588
"NM","MT",14.3491856526791
"NM","KS",8.26236711063428
"NM","IN",18.5738063160478
"NM","SD",12.232193893689
"NM","MA",31.2007800384454
"NM","VA",24.8732828218779
"NM","DC",26.3366003707224
"NM","IA",13.9060221103169
"NM","AZ",5.10723189652119
"CA","WV",34.0652925529575
"CA","FL",35.8704139988189
"CA","IL",26.5871520762886
"CA","MN",23.3177611725247
"CA","MD",37.356652645518
"CA","RI",41.1550937662698
"CA","ID",9.02639306761574
"CA","NH",40.7888029347392
"CA","NC",36.1022136552914
"CA","VT",39.8709806026087
"CA","CT",40.1612337246463
"CA","DE",38.3949703634745
"CA","NM",12.6125685590825
"CA","CA",0
"CA","NJ",38.8373225026933
"CA","WI",26.3226210077708
"CA","OR",7.52843454054204
"CA","NE",17.7010265893363
"CA","PA",36.0414530247226
"CA","WA",11.3760018840612
"CA","LA",26.5176249374964
"CA","GA",33.2581752823046
"CA","AL",30.1868633102922
"CA","UT",7.36019294424936
"CA","OH",32.0161225815164
"CA","TX",19.7277165549794
"CA","CO",12.5097656571703
"CA","SC",35.0931251269884
"CA","OK",19.8890827270707
"CA","TN",29.691085168247
"CA","WY",12.1393921875768
"CA","HI",41.1495934679281
"CA","ND",19.386793247337
"CA","KY",30.2396727238553
"CA","ME",42.4607062966612
"CA","NY",37.6361663463552
"CA","NV",3.54791009133043
"CA","AK",36.4129638195466
"CA","MI",29.4952955340011
"CA","AR",24.5507934635436
"CA","MS",27.7127603309032
"CA","MO",23.8638552971142
"CA","MT",13.6828039113477
"CA","KS",18.7198868303906
"CA","IN",29.040709833592
"CA","SD",18.1749948649291
"CA","MA",41.0718789315475
"CA","VA",35.9811718709829
"CA","DC",37.0854219884518
"CA","IA",22.9719802672627
"CA","AZ",7.92133458819989
"NJ","WV",5.37962800962903
"NJ","FL",14.7936235632821
"NJ","IL",12.3240959256383
"NJ","MN",17.2461923424789
"NJ","MD",2.17263792271588
"NJ","RI",3.11104647580044
"NJ","ID",32.9725962626622
"NJ","NH",4.72420964881542
"NJ","NC",6.44228657603198
"NJ","VT",4.71051751303616
"NJ","CT",2.29481767307627
"NJ","DE",1.41737431091224
"NJ","NM",28.4171789524258
"NJ","CA",38.8373225026933
"NJ","NJ",0
"NJ","WI",13.3597086792551
"NJ","OR",37.7432554029679
"NJ","NE",21.1755530158997
"NJ","PA",2.8329629436721
"NJ","WA",37.2482665358978
"NJ","LA",18.5671059004989
"NJ","GA",11.4330336473689
"NJ","AL",13.6230149426066
"NJ","UT",31.4828281674251
"NJ","OH",6.84745331497425
"NJ","TX",24.1656497499481
"NJ","CO",26.410084234556
"NJ","SC",8.86093933477393
"NJ","OK",20.6473503326465
"NJ","TN",11.290377670751
"NJ","WY",27.4142134655347
"NJ","HI",79.9346764804846
"NJ","ND",22.168632656522
"NJ","KY",9.6548072642295
"NJ","ME",7.2731172125
"NJ","NY",3.22597420731095
"NJ","NV",35.6254664664756
"NJ","AK",54.6989557465
"NJ","MI",10.5115458288713
"NJ","AR",16.7054198057936
"NJ","MS",15.7261151758416
"NJ","MO",15.4611929665137
"NJ","MT",28.9869723327725
"NJ","KS",20.456884109626
"NJ","IN",9.90736611348421
"NJ","SD",21.5146002884439
"NJ","MA",3.49088346900842
"NJ","VA",4.52416693759262
"NJ","DC",2.43120339892545
"NJ","IA",15.927100416426
"NJ","AZ",33.1998089807783
"WI","WV",10.0942940364906
"WI","FL",19.1096906533717
"WI","IL",5.04976871287132
"WI","MN",3.96919589575345
"WI","MD",12.52382926394
"WI","RI",15.144424446927
"WI","ID",19.7109417534003
"WI","NH",14.5130743285562
"WI","NC",13.5586770125764
"WI","VT",13.576343946897
"WI","CT",14.1980572124165
"WI","DE",13.3843927450403
"WI","NM",18.0258875479056
"WI","CA",26.3226210077708
"WI","NJ",13.3597086792551
"WI","WI",0
"WI","OR",24.4650353583092
"WI","NE",8.88834653055141
"WI","PA",10.5622689923671
"WI","WA",23.8916601956489
"WI","LA",15.3929824017322
"WI","GA",14.4296207590369
"WI","AL",13.4616074926888
"WI","UT",19.0308498369364
"WI","OH",7.43252718579672
"WI","TX",16.8917112220231
"WI","CO",14.5126618168703
"WI","SC",14.1913373732193
"WI","OK",12.0475775052288
"WI","TN",10.2049382932284
"WI","WY",14.3983399959816
"WI","HI",67.0460080234181
"WI","ND",8.85546790572637
"WI","KY",8.74846445848853
"WI","ME",16.144048328957
"WI","NY",11.5064552110663
"WI","NV",22.9201710338121
"WI","AK",43.2663399289296
"WI","MI",3.17391747500729
"WI","AR",11.0853970688864
"WI","MS",13.2773115631062
"WI","MO",7.3464136509779
"WI","MT",15.6272653613869
"WI","KS",9.93049742442285
"WI","IN",5.97247228149429
"WI","SD",8.326796337771
"WI","MA",14.9669735900264
"WI","VA",12.1960949008908
"WI","DC",12.3167851829644
"WI","IA",4.17667011734454
"WI","AZ",21.9817299799255
"OR","WV",33.6276201332117
"OR","FL",37.8895231878516
"OR","IL",26.1912941661227
"OR","MN",20.8078158162216
"OR","MD",36.6281400658388
"OR","RI",39.5995304967938
"OR","ID",4.77309870226108
"OR","NH",38.7951312116231
"OR","NC",36.3091859566487
"OR","VT",37.8278714792438
"OR","CT",38.6610605025213
"OR","DE",37.5888632270277
"OR","NM",16.3510906018135
"OR","CA",7.52843454054204
"OR","NJ",37.7432554029679
"OR","WI",24.4650353583092
"OR","OR",0
"OR","NE",17.1664845714307
"OR","PA",34.9141265358982
"OR","WA",3.86412055389792
"OR","LA",29.0764254768574
"OR","GA",34.4835475469533
"OR","AL",31.7158169269479
"OR","UT",9.02388686668954
"OR","OH",31.2299029879588
"OR","TX",23.2297728468532
"OR","CO",13.6852768481244
"OR","SC",35.8093365571628
"OR","OK",21.7456084321808
"OR","TN",30.3728015924288
"OR","WY",10.586691100511
"OR","HI",42.9280750663166
"OR","ND",16.0859096866337
"OR","KY",30.3842863375024
"OR","ME",40.0632627191035
"OR","NY",35.9463634863825
"OR","NV",6.06769862594059
"OR","AK",29.4330756539176
"OR","MI",27.5388775510864
"OR","AR",26.0663847084278
"OR","MS",29.5491444762373
"OR","MO",24.2483939535296
"OR","MT",9.21040068397762
"OR","KS",19.5069907120902
"OR","IN",28.5652210818481
"OR","SD",16.2308763143095
"OR","MA",39.3967094948174
"OR","VA",35.6993239393572
"OR","DC",36.3843624754629
"OR","IA",22.0623654054192
"OR","AZ",13.2096531438117
"NE","WV",16.6258674504902
"NE","FL",21.3976713390888
"NE","IL",9.10998393383669
"NE","MN",7.00008629450804
"NE","MD",19.7984700801987
"NE","RI",23.4544169042807
"NE","ID",12.4898768836018
"NE","NH",23.1497025699293
"NE","NC",19.1504112839753
"NE","VT",22.2519928794704
"NE","CT",22.4602071833253
"NE","DE",20.8128563619823
"NE","NM",9.64303596442967
"NE","CA",17.7010265893363
"NE","NJ",21.1755530158997
"NE","WI",8.88834653055141
"NE","OR",17.1664845714307
"NE","NE",0
"NE","PA",18.3637811655003
"NE","WA",17.693586740483
"NE","LA",13.8157262564657
"NE","GA",17.547680341673
"NE","AL",15.0596521905759
"NE","UT",10.3421852665259
"NE","OH",14.4033457111934
"NE","TX",11.2295750377081
"NE","CO",5.62605402562823
"NE","SC",18.6776331735389
"NE","OK",6.91268049437864
"NE","TN",13.28205165204
"NE","WY",6.58146496068839
"NE","HI",58.7591235017853
"NE","ND",6.60982846738132
"NE","KY",13.2191104281805
"NE","ME",24.9501096390684
"NE","NY",19.9519756777467
"NE","NV",14.4499173786259
"NE","AK",41.1004369703537
"NE","MI",11.9993304046593
"NE","AR",9.79005716445895
"NE","MS",13.3060612545665
"NE","MO",7.17535538884845
"NE","MT",9.93706728542648
"NE","KS",3.59966737672735
"NE","IN",11.5408124951636
"NE","SD",3.25623544478678
"NE","MA",23.3774178046216
"NE","VA",18.6480064488827
"NE","DC",19.536871078333
"NE","IA",5.27108822419408
"NE","AZ",13.1408539433263
"PA","WV",3.45405764743886
"PA","FL",14.4537503437365
"PA","IL",9.60372085055526
"PA","MN",14.4768433193162
"PA","MD",2.38319962921999
"PA","RI",5.34054136479636
"PA","ID",30.1428457000419
"PA","NH",6.01763824060997
"PA","NC",6.08424343866594
"PA","VT",5.52763163815953
"PA","CT",4.33550051445575
"PA","DE",2.93738805690912
"PA","NM",25.8074207331131
"PA","CA",36.0414530247226
"PA","NJ",2.8329629436721
"PA","WI",10.5622689923671
"PA","OR",34.9141265358982
"PA","NE",18.3637811655003
"PA","PA",0
"PA","WA",34.4534502619889
"PA","LA",16.7661678783368
"PA","GA",10.4508027102587
"PA","AL",12.0896430033223
"PA","UT",28.683634571279
"PA","OH",4.14729791052816
"PA","TX",21.8960970582922
"PA","CO",23.6420926341823
"PA","SC",8.25741256099665
"PA","OK",18.1386043698098
"PA","TN",9.30590299553064
"PA","WY",24.5822371839731
"PA","HI",77.1204378955719
"PA","ND",19.3964199885555
"PA","KY",7.43799720800271
"PA","ME",8.53903682512396
"PA","NY",2.92041302741924
"PA","NV",32.812242857996
"PA","AK",52.4336603893544
"PA","MI",7.80750087340282
"PA","AR",14.4323521088381
"PA","MS",13.9009546861212
"PA","MO",12.8453210926894
"PA","MT",26.184786535285
"PA","KS",17.7572181686562
"PA","IN",7.23568509845649
"PA","SD",18.6843019455013
"PA","MA",5.46198818078645
"PA","VA",3.83601157127952
"PA","DC",2.32599965956852
"PA","IA",13.1071963229618
"PA","AZ",30.5228020899828
"WA","WV",33.5551079311494
"WA","FL",38.9810916360143
"WA","IL",26.3398552669039
"WA","MN",20.0217895435107
"WA","MD",36.3446621812297
"WA","RI",38.8308035393005
"WA","ID",5.69381001852776
"WA","NH",37.805949446768
"WA","NC",36.5160561190665
"WA","VT",36.827564475519
"WA","CT",37.9364182785441
"WA","DE",37.2476831289716
"WA","NM",18.8456069771965
"WA","CA",11.3760018840612
"WA","NJ",37.2482665358978
"WA","WI",23.8916601956489
"WA","OR",3.86412055389792
"WA","NE",17.693586740483
"WA","PA",34.4534502619889
"WA","WA",0
"WA","LA",30.6016062647192
"WA","GA",35.241154377543
"WA","AL",32.6823319912668
"WA","UT",11.5211780276626
"WA","OH",31.0297001401458
"WA","TX",25.3443755288452
"WA","CO",15.3415254383275
"WA","SC",36.2851228608401
"WA","OK",23.1774859913906
"WA","TN",30.9496891621612
"WA","WY",11.3275024824876
"WA","HI",44.6402821014126
"WA","ND",15.1122205497479
"WA","KY",30.6882970768874
"WA","ME",38.8393579334309
"WA","NY",35.1672772473136
"WA","NV",9.51301470635376
"WA","AK",26.1875052662906
"WA","MI",26.8093269828429
"WA","AR",27.1773152295602
"WA","MS",30.7171096994488
"WA","MO",24.8663812928136
"WA","MT",8.28062714977932
"WA","KS",20.5436372009122
"WA","IN",28.598323613949
"WA","SD",16.0624405320546
"WA","MA",38.5677279710181
"WA","VA",35.6657923163671
"WA","DC",36.1197126614761
"WA","IA",22.104249412282
"WA","AZ",16.3990405054487
"LA","WV",13.3603902806539
"LA","FL",9.43261296806891
"LA","IL",10.537199387951
"LA","MN",17.3101554191345
"LA","MD",16.4172801880314
"LA","RI",21.6680737320196
"LA","ID",24.967255157408
"LA","NH",22.7726144515166
"LA","NC",12.8682679219383
"LA","VT",22.2814913991217
"LA","CT",20.7637719257332
"LA","DE",17.3917179834356
"LA","NM",13.9402056391148
"LA","CA",26.5176249374964
"LA","NJ",18.5671059004989
"LA","WI",15.3929824017322
"LA","OR",29.0764254768574
"LA","NE",13.8157262564657
"LA","PA",16.7661678783368
"LA","WA",30.6016062647192
"LA","LA",0
"LA","GA",8.16487227414313
"LA","AL",5.12976831340838
"LA","UT",20.3064981806445
"LA","OH",13.3923503468439
"LA","TX",7.1694493731398
"LA","CO",15.4016754437446
"LA","SC",10.8031838856998
"LA","OK",7.42529203565781
"LA","TN",7.48251652580584
"LA","WY",19.3574705475572
"LA","HI",66.3438553721695
"LA","ND",19.8361844810176
"LA","KY",9.49842214902173
"LA","ME",25.3049479165154
"LA","NY",19.6109058994614
"LA","NV",24.3900773633415
"LA","AK",54.9118386385561
"LA","MI",16.4269695470639
"LA","AR",4.48063121400365
"LA","MS",2.86526583652553
"LA","MO",8.32494049081723
"LA","MT",23.5561191483915
"LA","KS",10.3484386274449
"LA","IN",11.2103098757082
"LA","SD",16.7627907768534
"LA","MA",21.9735801261148
"LA","VA",14.139345988073
"LA","DC",16.1449428748778
"LA","IA",12.519932273331
"LA","AZ",18.9602910348512
"GA","WV",7.15072556570543
"GA","FL",4.72319628788109
"GA","IL",9.77879130783543
"GA","MN",17.8104202785081
"GA","MD",9.28626342401216
"GA","RI",14.5003429443709
"GA","ID",29.9400938304398
"GA","NH",16.0521647489782
"GA","NC",5.10012152305122
"GA","VT",15.79344843466
"GA","CT",13.7267052549106
"GA","DE",10.0857433014299
"GA","NM",21.0964551894654
"GA","CA",33.2581752823046
"GA","NJ",11.4330336473689
"GA","WI",14.4296207590369
"GA","OR",34.4835475469533
"GA","NE",17.547680341673
"GA","PA",10.4508027102587
"GA","WA",35.241154377543
"GA","LA",8.16487227414313
"GA","GA",0
"GA","AL",3.20393134177936
"GA","UT",26.3919207056594
"GA","OH",8.68085216995487
"GA","TX",15.038209187562
"GA","CO",21.1201999213949
"GA","SC",2.75540787680965
"GA","OK",13.3724759336444
"GA","TN",4.46334207886236
"GA","WY",24.0227192421524
"GA","HI",73.8764985531481
"GA","ND",21.8708944449555
"GA","KY",5.69953538299006
"GA","ME",18.6369419367716
"GA","NY",13.3456075746788
"GA","NV",30.6593555329735
"GA","AK",57.3518131328635
"GA","MI",13.7656273072888
"GA","AR",8.70744232637705
"GA","MS",5.83383909886324
"GA","MO",10.3803247955643
"GA","MT",27.3352589911471
"GA","KS",14.9985109436746
"GA","IN",8.4992663429708
"GA","SD",19.5895641179026
"GA","MA",14.9221421958683
"GA","VA",6.94244925100664
"GA","DC",9.06015093072159
"GA","IA",13.7553489074536
"GA","AZ",26.2030862302265
"AL","WV",8.63558542017612
"AL","FL",6.34594618119214
"AL","IL",8.45593043294532
"AL","MN",16.376423915984
"AL","MD",11.4535517884836
"AL","RI",16.7340613966397
"AL","ID",27.2632458810146
"AL","NH",18.0093772137553
"AL","NC",7.74354727095944
"AL","VT",17.6071737599847
"AL","CT",15.868803962294
"AL","DE",12.3864552870414
"AL","NM",17.9324075169851
"AL","CA",30.1868633102922
"AL","NJ",13.6230149426066
"AL","WI",13.4616074926888
"AL","OR",31.7158169269479
"AL","NE",15.0596521905759
"AL","PA",12.0896430033223
"AL","WA",32.6823319912668
"AL","LA",5.12976831340838
"AL","GA",3.20393134177936
"AL","AL",0
"AL","UT",23.4301247127632
"AL","OH",9.2892600984639
"AL","TX",11.8444751759235
"AL","CO",18.2011499466047
"AL","SC",5.70001589851893
"AL","OK",10.3067572661071
"AL","TN",3.46618259297658
"AL","WY",21.3819469201137
"AL","HI",70.69938714038
"AL","ND",19.985185244308
"AL","KY",5.49457954140838
"AL","ME",20.5792570517159
"AL","NY",14.9989326771657
"AL","NV",27.6756205229883
"AL","AK",55.5624004184618
"AL","MI",13.5237321835665
"AL","AR",5.69590192089473
"AL","MS",2.63057256738992
"AL","MO",8.06044837074939
"AL","MT",24.9721467663717
"AL","KS",12.2174262763134
"AL","IN",7.98969705940524
"AL","SD",17.4084515361499
"AL","MA",17.0814984294291
"AL","VA",9.12842173632171
"AL","DC",11.1918708907901
"AL","IA",11.91601152112
"AL","AZ",23.0394662963887
"UT","WV",26.7586179218145
"UT","FL",29.3964722932202
"UT","IL",19.258672492111
"UT","MN",16.2209032434721
"UT","MD",30.0252338380491
"UT","RI",33.7965824534878
"UT","ID",6.15547327418458
"UT","NH",33.4563519251401
"UT","NC",28.923684235848
"UT","VT",32.5454265070168
"UT","CT",32.8020015207797
"UT","DE",31.0584249450789
"UT","NM",7.37143244335004
"UT","CA",7.36019294424936
"UT","NJ",31.4828281674251
"UT","WI",19.0308498369364
"UT","OR",9.02388686668954
"UT","NE",10.3421852665259
"UT","PA",28.683634571279
"UT","WA",11.5211780276626
"UT","LA",20.3064981806445
"UT","GA",26.3919207056594
"UT","AL",23.4301247127632
"UT","UT",0
"UT","OH",24.6694573027944
"UT","TX",14.2151707305278
"UT","CO",5.30277094702752
"UT","SC",28.0527453696565
"UT","OK",13.1791329061881
"UT","TN",22.6060883435906
"UT","WY",5.35625552052677
"UT","HI",48.4757341458845
"UT","ND",12.7811516677234
"UT","KY",23.0175586421276
"UT","ME",35.1742785220146
"UT","NY",30.2859996306142
"UT","NV",4.28452149883996
"UT","AK",37.6466794762853
"UT","MI",22.1970407334486
"UT","AR",17.7355120863867
"UT","MS",21.0855993683022
"UT","MO",16.6497319077459
"UT","MT",8.73872035469976
"UT","KS",11.5472365125961
"UT","IN",21.712999657404
"UT","SD",11.0488247959598
"UT","MA",33.7173206118915
"UT","VA",28.7036365591991
"UT","DC",29.756121559776
"UT","IA",15.6126660533141
"UT","AZ",5.60013360912275
"OH","WV",2.67056020011753
"OH","FL",13.291652883478
"OH","IL",5.47774690986758
"OH","MN",11.3845969662967
"OH","MD",5.41099865342794
"OH","RI",9.48027477654326
"OH","ID",26.460118550851
"OH","NH",9.88852107651861
"OH","NC",6.28242071640709
"OH","VT",9.21858733185947
"OH","CT",8.47163294969542
"OH","DE",6.41088666711088
"OH","NM",21.6612476169307
"OH","CA",32.0161225815164
"OH","NJ",6.84745331497425
"OH","WI",7.43252718579672
"OH","OR",31.2299029879588
"OH","NE",14.4033457111934
"OH","PA",4.14729791052816
"OH","WA",31.0297001401458
"OH","LA",13.3923503468439
"OH","GA",8.68085216995487
"OH","AL",9.2892600984639
"OH","UT",24.6694573027944
"OH","OH",0
"OH","TX",17.9455101140853
"OH","CO",19.5677882618672
"OH","SC",7.45893844527961
"OH","OK",14.0292881223453
"OH","TN",6.00155980694927
"OH","WY",20.7671117862163
"OH","HI",73.1410227586648
"OH","ND",16.1936714590273
"OH","KY",3.91520559142858
"OH","ME",12.2581437589359
"OH","NY",6.53654596322512
"OH","NV",28.8410215299723
"OH","AK",50.4833749986515
"OH","MI",5.54541481543076
"OH","AR",10.5358220155723
"OH","MS",10.57821144154
"OH","MO",8.70197312401895
"OH","MT",22.7532263478832
"OH","KS",13.6220372927326
"OH","IN",3.08839183476371
"OH","SD",15.0424577708073
"OH","MA",9.56440491881171
"OH","VA",4.76357265504519
"OH","DC",5.15941891642019
"OH","IA",9.21210260723768
"OH","AZ",26.3816282547618
"TX","WV",18.7860217594458
"TX","FL",16.5661599610241
"TX","IL",13.3089839369402
"TX","MN",17.1615403497839
"TX","MD",22.1385300398611
"TX","RI",27.1504686591353
"TX","ID",19.6594289960549
"TX","NH",27.8228896638057
"TX","NC",19.2456428486361
"TX","VT",27.163255753831
"TX","CT",26.1742776919944
"TX","DE",23.1863832417308
"TX","NM",7.15452632048513
"TX","CA",19.7277165549794
"TX","NJ",24.1656497499481
"TX","WI",16.8917112220231
"TX","OR",23.2297728468532
"TX","NE",11.2295750377081
"TX","PA",21.8960970582922
"TX","WA",25.3443755288452
"TX","LA",7.1694493731398
"TX","GA",15.038209187562
"TX","AL",11.8444751759235
"TX","UT",14.2151707305278
"TX","OH",17.9455101140853
"TX","TX",0
"TX","CO",10.1311648242283
"TX","SC",17.478818644403
"TX","OK",4.90067968828544
"TX","TN",12.9669330646835
"TX","WY",14.7691261767757
"TX","HI",59.1753714002106
"TX","ND",17.8370930484352
"TX","KY",14.5189288390265
"TX","ME",30.1988870589789
"TX","NY",24.4813315902302
"TX","NV",17.9830372595445
"TX","AK",50.838048502782
"TX","MI",19.0455691585712
"TX","AR",7.46980836780978
"TX","MS",9.2198647421118
"TX","MO",9.90978180065884
"TX","MT",19.4620189170415
"TX","KS",7.88047286698565
"TX","IN",15.0674046236511
"TX","SD",14.4811517745066
"TX","MA",27.342153922626
"TX","VA",20.0649237101687
"TX","DC",21.8513826310064
"TX","IA",12.9095492743237
"TX","AZ",11.9623058504857
"CO","WV",21.5612415816169
"CO","FL",24.2650396173629
"CO","IL",14.1094265455221
"CO","MN",12.3567944542152
"CO","MD",24.87159429161
"CO","RI",28.8434306804058
"CO","ID",9.65273208000666
"CO","NH",28.6640875905383
"CO","NC",23.6357927943989
"CO","VT",27.7842616427744
"CO","CT",27.8394378136096
"CO","DE",25.9167531439395
"CO","NM",5.11981867372802
"CO","CA",12.5097656571703
"CO","NJ",26.410084234556
"CO","WI",14.5126618168703
"CO","OR",13.6852768481244
"CO","NE",5.62605402562823
"CO","PA",23.6420926341823
"CO","WA",15.3415254383275
"CO","LA",15.4016754437446
"CO","GA",21.1201999213949
"CO","AL",18.2011499466047
"CO","UT",5.30277094702752
"CO","OH",19.5677882618672
"CO","TX",10.1311648242283
"CO","CO",0
"CO","SC",22.7506112813772
"CO","OK",8.06695881238815
"CO","TN",17.3033292460405
"CO","WY",4.76097109217967
"CO","HI",53.6550462179882
"CO","ND",10.2610332506826
"CO","KY",17.7448534929347
"CO","ME",30.5293300184326
"CO","NY",25.4154157016577
"CO","NV",9.5872897309836
"CO","AK",40.7228009443002
"CO","MI",17.608775895327
"CO","AR",12.507782621661
"CO","MS",15.9257059767739
"CO","MO",11.369764264873
"CO","MT",9.54233702339657
"CO","KS",6.24801786115175
"CO","IN",16.5581327897105
"CO","SD",7.49040640482176
"CO","MA",28.8048682003153
"CO","VA",23.4714823550086
"CO","DC",24.5978591219212
"CO","IA",10.7411966744407
"CO","AZ",7.56495640309022
"SC","WV",5.30882358179674
"SC","FL",6.20238826287525
"SC","IL",10.1197448443148
"SC","MN",17.8816510330479
"SC","MD",6.76873465492567
"SC","RI",11.8768092209845
"SC","ID",31.1657918473396
"SC","NH",13.5495465289149
"SC","NC",2.42553638621472
"SC","VT",13.3721067413034
"SC","CT",11.1520141624837
"SC","DE",7.47625670101257
"SC","NM",23.2036032213797
"SC","CA",35.0931251269884
"SC","NJ",8.86093933477393
"SC","WI",14.1913373732193
"SC","OR",35.8093365571628
"SC","NE",18.6776331735389
"SC","PA",8.25741256099665
"SC","WA",36.2851228608401
"SC","LA",10.8031838856998
"SC","GA",2.75540787680965
"SC","AL",5.70001589851893
"SC","UT",28.0527453696565
"SC","OH",7.45893844527961
"SC","TX",17.478818644403
"SC","CO",22.7506112813772
"SC","SC",0
"SC","OK",15.3259325671016
"SC","TN",5.46061044841267
"SC","WY",25.2473151434097
"SC","HI",75.9558497942395
"SC","ND",22.2920211259911
"SC","KY",5.69994807528145
"SC","ME",16.1220623836027
"SC","NY",11.0605235300155
"SC","NV",32.3369721162884
"SC","AK",57.4423712431345
"SC","MI",12.9316378129105
"SC","AR",10.6874619704578
"SC","MS",8.27712275803234
"SC","MO",11.5647349082974
"SC","MT",28.1977929650549
"SC","KS",16.5215847067929
"SC","IN",8.27228661999581
"SC","SD",20.3506039858585
"SC","MA",12.3289563581954
"SC","VA",4.50578710706062
"SC","DC",6.57152344467083
"SC","IA",14.3321297065717
"SC","AZ",28.2901634497006
"OK","WV",15.3551384360169
"OK","FL",16.2234843641833
"OK","IL",8.91197955667085
"OK","MN",12.2999143569384
"OK","MD",18.7781694287203
"OK","RI",23.4759918367273
"OK","ID",17.5530894558916
"OK","NH",23.8688777026254
"OK","NC",16.6192843493457
"OK","VT",23.1305652640986
"OK","CT",22.4736075809607
"OK","DE",19.8476532774299
"OK","NM",7.94537578412313
"OK","CA",19.8890827270707
"OK","NJ",20.6473503326465
"OK","WI",12.0475775052288
"OK","OR",21.7456084321808
"OK","NE",6.91268049437864
"OK","PA",18.1386043698098
"OK","WA",23.1774859913906
"OK","LA",7.42529203565781
"OK","GA",13.3724759336444
"OK","AL",10.3067572661071
"OK","UT",13.1791329061881
"OK","OH",14.0292881223453
"OK","TX",4.90067968828544
"OK","CO",8.06695881238815
"OK","SC",15.3259325671016
"OK","OK",0
"OK","TN",10.0900616923242
"OK","WY",11.9427499470354
"OK","HI",60.6305378195117
"OK","ND",13.431604576635
"OK","KY",11.1286985678426
"OK","ME",26.1215684112808
"OK","NY",20.500541430946
"OK","NV",17.3935100724444
"OK","AK",47.7231772608164
"OK","MI",14.3640685413362
"OK","AR",4.67046095061052
"OK","MS",7.90729377903607
"OK","MO",5.44125269590821
"OK","MT",16.2527930248893
"OK","KS",3.32126161737052
"OK","IN",10.9859819210786
"OK","SD",10.1227292235994
"OK","MA",23.5884830041854
"OK","VA",16.9574416705842
"OK","DC",18.4901606442922
"OK","IA",8.01598426830057
"OK","AZ",12.9866491364163
"TN","WV",5.95589666481943
"TN","FL",8.97455561454926
"TN","IL",5.36309950011535
"TN","MN",13.4080046769522
"TN","MD",9.20619970695075
"TN","RI",14.3484706795237
"TN","ID",25.7535189408875
"TN","NH",15.3224535033299
"TN","NC",6.5294740570677
"TN","VT",14.8071456793439
"TN","CT",13.4085965853402
"TN","DE",10.2400183853694
"TN","NM",18.032764558524
"TN","CA",29.691085168247
"TN","NJ",11.290377670751
"TN","WI",10.2049382932284
"TN","OR",30.3728015924288
"TN","NE",13.28205165204
"TN","PA",9.30590299553064
"TN","WA",30.9496891621612
"TN","LA",7.48251652580584
"TN","GA",4.46334207886236
"TN","AL",3.46618259297658
"TN","UT",22.6060883435906
"TN","OH",6.00155980694927
"TN","TX",12.9669330646835
"TN","CO",17.3033292460405
"TN","SC",5.46061044841267
"TN","OK",10.0900616923242
"TN","TN",0
"TN","WY",19.8299254527893
"TN","HI",70.6593101090586
"TN","ND",17.4075528401135
"TN","KY",2.09664093754905
"TN","ME",17.8379282908148
"TN","NY",12.130975373711
"TN","NV",26.8905892126105
"TN","AK",52.903090642218
"TN","MI",10.0674720197417
"TN","AR",5.63101494140032
"TN","MS",4.6265118825267
"TN","MO",6.12632959385524
"TN","MT",22.9566584144621
"TN","KS",11.0661443502116
"TN","IN",4.53869467176037
"TN","SD",15.1679048302317
"TN","MA",14.6079466094093
"TN","VA",7.09872082588578
"TN","DC",8.92184658188269
"TN","IA",9.29345860415475
"TN","AZ",23.07054767536
"WY","WV",23.099524578701
"WY","FL",27.6624864808467
"WY","IL",15.6251226780434
"WY","MN",11.1920404136543
"WY","MD",26.1779451282678
"WY","RI",29.4773105340856
"WY","ID",5.92432037982699
"WY","NH",28.909910642479
"WY","NC",25.7234105978232
"WY","VT",27.9687475984585
"WY","CT",28.5075111568725
"WY","DE",27.1646263213427
"WY","NM",9.63070946119474
"WY","CA",12.1393921875768
"WY","NJ",27.4142134655347
"WY","WI",14.3983399959816
"WY","OR",10.586691100511
"WY","NE",6.58146496068839
"WY","PA",24.5822371839731
"WY","WA",11.3275024824876
"WY","LA",19.3574705475572
"WY","GA",24.0227192421524
"WY","AL",21.3819469201137
"WY","UT",5.35625552052677
"WY","OH",20.7671117862163
"WY","TX",14.7691261767757
"WY","CO",4.76097109217967
"WY","SC",25.2473151434097
"WY","OK",11.9427499470354
"WY","TN",19.8299254527893
"WY","WY",0
"WY","HI",52.6568329715397
"WY","ND",7.4334007253845
"WY","KY",19.7976556347522
"WY","ME",30.4520037894157
"WY","NY",25.8735625207346
"WY","NV",8.63221687873403
"WY","AK",36.0824358352972
"WY","MI",17.5618655307789
"WY","AR",15.8501447048926
"WY","MS",19.3896116325469
"WY","MO",13.7049613440452
"WY","MT",4.7827543617497
"WY","KS",9.21617807381881
"WY","IN",18.0211361159452
"WY","SD",6.10098788604143
"WY","MA",29.3340477815367
"WY","VA",25.1532486253848
"WY","DC",25.9258455408687
"WY","IA",11.5577984581589
"WY","AZ",10.3270475575657
"HI","WV",75.2146367884656
"HI","FL",75.7171213736103
"HI","IL",67.7318354862423
"HI","MN",63.6041873969088
"HI","MD",78.5003249638747
"HI","RI",82.1239889019756
"HI","ID",47.5279972925463
"HI","NH",81.5406349701114
"HI","NC",77.1464603010642
"HI","VT",80.5889005789464
"HI","CT",81.1467849410734
"HI","DE",79.5341291527063
"HI","NM",52.7841845729423
"HI","CA",41.1495934679281
"HI","NJ",79.9346764804846
"HI","WI",67.0460080234181
"HI","OR",42.9280750663166
"HI","NE",58.7591235017853
"HI","PA",77.1204378955719
"HI","WA",44.6402821014126
"HI","LA",66.3438553721695
"HI","GA",73.8764985531481
"HI","AL",70.69938714038
"HI","UT",48.4757341458845
"HI","OH",73.1410227586648
"HI","TX",59.1753714002106
"HI","CO",53.6550462179882
"HI","SC",75.9558497942395
"HI","OK",60.6305378195117
"HI","TN",70.6593101090586
"HI","WY",52.6568329715397
"HI","HI",0
"HI","ND",58.9953191340133
"HI","KY",71.3451221706271
"HI","ME",82.9429676340987
"HI","NY",78.5300843074782
"HI","NV",44.3092130069384
"HI","AK",47.8369394280308
"HI","MI",70.1968851186577
"HI","AR",65.2752587107018
"HI","MS",68.1037196964965
"HI","MO",64.97943029158
"HI","MT",52.135653269158
"HI","KS",59.8311469774684
"HI","IN",70.1860566817396
"HI","SD",58.7213988871267
"HI","MA",81.9900150775889
"HI","VA",77.1193975417222
"HI","DC",78.230482836513
"HI","IA",64.0139934993265
"HI","AZ",47.6812245577767
"ND","WV",18.8123166407028
"ND","FL",26.2353499458152
"ND","IL",12.1925795528233
"ND","MN",4.92244317481783
"ND","MD",21.3777051945776
"ND","RI",23.7247858892913
"ND","ID",11.4851359010939
"ND","NH",22.7718288867316
"ND","NC",22.0743452026179
"ND","VT",21.7980434664628
"ND","CT",22.8253742556566
"ND","DE",22.2382073222989
"ND","NM",15.24458730416
"ND","CA",19.386793247337
"ND","NJ",22.168632656522
"ND","WI",8.85546790572637
"ND","OR",16.0859096866337
"ND","NE",6.60982846738132
"ND","PA",19.3964199885555
"ND","WA",15.1122205497479
"ND","LA",19.8361844810176
"ND","GA",21.8708944449555
"ND","AL",19.985185244308
"ND","UT",12.7811516677234
"ND","OH",16.1936714590273
"ND","TX",17.8370930484352
"ND","CO",10.2610332506826
"ND","SC",22.2920211259911
"ND","OK",13.431604576635
"ND","TN",17.4075528401135
"ND","WY",7.4334007253845
"ND","HI",58.9953191340133
"ND","ND",0
"ND","KY",16.5957813529436
"ND","ME",23.9782421553404
"ND","NY",20.0601636249755
"ND","NV",15.8396733635846
"ND","AK",35.5779547460896
"ND","MI",11.6991953014102
"ND","AR",15.4827412108216
"ND","MS",18.7696532411626
"ND","MO",12.010422113868
"ND","MT",6.94607466707924
"ND","KS",10.1190565716805
"ND","IN",14.1289070422567
"ND","SD",3.35600457723839
"ND","MA",23.4732074465193
"ND","VA",20.9322042281232
"ND","DC",21.1678898754286
"ND","IA",8.12384501435448
"ND","AZ",17.3727017341493
"KY","WV",4.28140756994813
"KY","FL",10.4116347633807
"KY","IL",4.4214553659181
"KY","MN",12.2656855442702
"KY","MD",7.68362335454828
"KY","RI",12.6344106298734
"KY","ID",25.6858330178828
"KY","NH",13.4419640271764
"KY","NC",5.94156069791406
"KY","VT",12.8756476308175
"KY","CT",11.6643669683244
"KY","DE",8.74858486050813
"KY","NM",19.0294295500751
"KY","CA",30.2396727238553
"KY","NJ",9.6548072642295
"KY","WI",8.74846445848853
"KY","OR",30.3842863375024
"KY","NE",13.2191104281805
"KY","PA",7.43799720800271
"KY","WA",30.6882970768874
"KY","LA",9.49842214902173
"KY","GA",5.69953538299006
"KY","AL",5.49457954140838
"KY","UT",23.0175586421276
"KY","OH",3.91520559142858
"KY","TX",14.5189288390265
"KY","CO",17.7448534929347
"KY","SC",5.69994807528145
"KY","OK",11.1286985678426
"KY","TN",2.09664093754905
"KY","WY",19.7976556347522
"KY","HI",71.3451221706271
"KY","ND",16.5957813529436
"KY","KY",0
"KY","ME",15.9187942399371
"KY","NY",10.1846146078416
"KY","NV",27.2854891190101
"KY","AK",51.8573191358523
"KY","MI",8.18820875859583
"KY","AR",7.05248779442083
"KY","MS",6.668578063444
"KY","MO",6.3763165363259
"KY","MT",22.5472326944347
"KY","KS",11.5210381940226
"KY","IN",2.79975163239648
"KY","SD",14.6895818104901
"KY","MA",12.8431502789037
"KY","VA",5.84755856908844
"KY","DC",7.39484448883935
"KY","IA",8.64953095414828
"KY","AZ",23.9697781130877
"ME","WV",11.9689019570248
"ME","FL",22.0503133461979
"ME","IL",17.2413770737237
"ME","MN",19.3505985607802
"ME","MD",9.36289430766428
"ME","RI",4.50525325726308
"ME","ID",35.417375483163
"ME","NH",2.58593110507385
"ME","NC",13.7105749775338
"ME","VT",3.04643674008944
"ME","CT",5.01157087932661
"ME","DE",8.68192183201463
"ME","NM",33.4250088914281
"ME","CA",42.4607062966612
"ME","NJ",7.2731172125
"ME","WI",16.144048328957
"ME","OR",40.0632627191035
"ME","NE",24.9501096390684
"ME","PA",8.53903682512396
"ME","WA",38.8393579334309
"ME","LA",25.3049479165154
"ME","GA",18.6369419367716
"ME","AL",20.5792570517159
"ME","UT",35.1742785220146
"ME","OH",12.2581437589359
"ME","TX",30.1988870589789
"ME","CO",30.5293300184326
"ME","SC",16.1220623836027
"ME","OK",26.1215684112808
"ME","TN",17.8379282908148
"ME","WY",30.4520037894157
"ME","HI",82.9429676340987
"ME","ND",23.9782421553404
"ME","KY",15.9187942399371
"ME","ME",0
"ME","NY",5.74121604949967
"ME","NV",39.0360962636477
"ME","AK",52.6332534558669
"ME","MI",12.9780410202798
"ME","AR",22.790755813429
"ME","MS",22.439806503851
"ME","MO",20.6904712839575
"ME","MT",30.8997735491837
"ME","KS",25.1777685262134
"ME","IN",15.1734497851942
"ME","SD",24.3512590540672
"ME","MA",3.92975860790423
"ME","VA",11.6947779425529
"ME","DC",9.57928965505678
"ME","IA",19.8057952776069
"ME","AZ",37.8290309878957
"NY","WV",6.36702639778969
"NY","FL",17.2212603828353
"NY","IL",11.7013694216715
"NY","MN",15.181909718703
"NY","MD",4.51860224644902
"NY","RI",3.6649029451128
"NY","ID",31.2043191619803
"NY","NH",3.36835752725466
"NY","NC",8.77615400197172
"NY","VT",2.69479409551514
"NY","CT",2.79131075500917
"NY","DE",4.37236589948409
"NY","NM",27.9715467903276
"NY","CA",37.6361663463552
"NY","NJ",3.22597420731095
"NY","WI",11.5064552110663
"NY","OR",35.9463634863825
"NY","NE",19.9519756777467
"NY","PA",2.92041302741924
"NY","WA",35.1672772473136
"NY","LA",19.6109058994614
"NY","GA",13.3456075746788
"NY","AL",14.9989326771657
"NY","UT",30.2859996306142
"NY","OH",6.53654596322512
"NY","TX",24.4813315902302
"NY","CO",25.4154157016577
"NY","SC",11.0605235300155
"NY","OK",20.500541430946
"NY","TN",12.130975373711
"NY","WY",25.8735625207346
"NY","HI",78.5300843074782
"NY","ND",20.0601636249755
"NY","KY",10.1846146078416
"NY","ME",5.74121604949967
"NY","NY",0
"NY","NV",34.3068785343626
"NY","AK",51.6964264904377
"NY","MI",8.40870655029924
"NY","AR",17.0571445783975
"NY","MS",16.7486493345711
"NY","MO",15.1006811088557
"NY","MT",26.9798299233597
"NY","KS",19.7838970413504
"NY","IN",9.5163373235859
"NY","SD",19.8287055299329
"NY","MA",3.46160913981887
"NY","VA",6.56253144682083
"NY","DC",4.62766855819797
"NY","IA",14.696883744598
"NY","AZ",32.53203590301
"NV","WV",30.981805766355
"NV","FL",33.5804498190275
"NV","IL",23.4669144297697
"NV","MN",19.8236638905756
"NV","MD",34.2192250336905
"NV","RI",37.8602010908623
"NV","ID",5.84119765840453
"NV","NH",37.4186222151233
"NV","NC",33.1990586695831
"NV","VT",36.4908722133679
"NV","CT",36.8736353741244
"NV","DE",35.2440002835344
"NV","NM",10.8681975973006
"NV","CA",3.54791009133043
"NV","NJ",35.6254664664756
"NV","WI",22.9201710338121
"NV","OR",6.06769862594059
"NV","NE",14.4499173786259
"NV","PA",32.812242857996
"NV","WA",9.51301470635376
"NV","LA",24.3900773633415
"NV","GA",30.6593555329735
"NV","AL",27.6756205229883
"NV","UT",4.28452149883996
"NV","OH",28.8410215299723
"NV","TX",17.9830372595445
"NV","CO",9.5872897309836
"NV","SC",32.3369721162884
"NV","OK",17.3935100724444
"NV","TN",26.8905892126105
"NV","WY",8.63221687873403
"NV","HI",44.3092130069384
"NV","ND",15.8396733635846
"NV","KY",27.2854891190101
"NV","ME",39.0360962636477
"NV","NY",34.3068785343626
"NV","NV",0
"NV","AK",35.4921012776984
"NV","MI",26.0938713320312
"NV","AR",21.9859265112034
"NV","MS",25.2977619298128
"NV","MO",20.9237199595247
"NV","MT",10.2570910779918
"NV","KS",15.8304835844292
"NV","IN",25.9192052511636
"NV","SD",14.7045369471944
"NV","MA",37.7552902135119
"NV","VA",32.9458165194464
"NV","DC",33.9531940603746
"NV","IA",19.7080437741755
"NV","AZ",7.17673009870529
"AK","WV",53.1315721263107
"AK","FL",61.8011119664688
"AK","IL",47.5779462479232
"AK","MN",39.591659913445
"AK","MD",54.7768065316887
"AK","RI",54.8534650858447
"AK","ID",31.5610140923151
"AK","NH",52.9443578348704
"AK","NC",56.7491981014796
"AK","VT",52.0709197674287
"AK","CT",54.2890789589228
"AK","DE",55.3345576804499
"AK","NM",44.8484501585488
"AK","CA",36.4129638195466
"AK","NJ",54.6989557465
"AK","WI",43.2663399289296
"AK","OR",29.4330756539176
"AK","NE",41.1004369703537
"AK","PA",52.4336603893544
"AK","WA",26.1875052662906
"AK","LA",54.9118386385561
"AK","GA",57.3518131328635
"AK","AL",55.5624004184618
"AK","UT",37.6466794762853
"AK","OH",50.4833749986515
"AK","TX",50.838048502782
"AK","CO",40.7228009443002
"AK","SC",57.4423712431345
"AK","OK",47.7231772608164
"AK","TN",52.903090642218
"AK","WY",36.0824358352972
"AK","HI",47.8369394280308
"AK","ND",35.5779547460896
"AK","KY",51.8573191358523
"AK","ME",52.6332534558669
"AK","NY",51.6964264904377
"AK","NV",35.4921012776984
"AK","AK",0
"AK","MI",45.029911577081
"AK","AR",50.8080040835426
"AK","MS",54.2329242108015
"AK","MO",47.5532706575642
"AK","MT",31.4992674431819
"AK","KS",44.5845595931478
"AK","IN",49.1748945599676
"AK","SD",38.294332820848
"AK","MA",54.3492780620194
"AK","VA",55.1313436916546
"AK","DC",54.6543361015778
"AK","IA",43.6802930606752
"AK","AZ",42.5538771812528
"MI","WV",8.13155847357004
"MI","FL",18.4808580068802
"MI","IL",5.98477485956411
"MI","MN",6.79098078380057
"MI","MD",9.97293419450336
"MI","RI",12.0676135875242
"MI","ID",22.8014155978681
"MI","NH",11.3487893689843
"MI","NC",11.8136195006089
"MI","VT",10.4072505843221
"MI","CT",11.1457432355671
"MI","DE",10.7231706537621
"MI","NM",20.8943214102247
"MI","CA",29.4952955340011
"MI","NJ",10.5115458288713
"MI","WI",3.17391747500729
"MI","OR",27.5388775510864
"MI","NE",11.9993304046593
"MI","PA",7.80750087340282
"MI","WA",26.8093269828429
"MI","LA",16.4269695470639
"MI","GA",13.7656273072888
"MI","AL",13.5237321835665
"MI","UT",22.1970407334486
"MI","OH",5.54541481543076
"MI","TX",19.0455691585712
"MI","CO",17.608775895327
"MI","SC",12.9316378129105
"MI","OK",14.3640685413362
"MI","TN",10.0674720197417
"MI","WY",17.5618655307789
"MI","HI",70.1968851186577
"MI","ND",11.6991953014102
"MI","KY",8.18820875859583
"MI","ME",12.9780410202798
"MI","NY",8.40870655029924
"MI","NV",26.0938713320312
"MI","AK",45.029911577081
"MI","MI",0
"MI","AR",12.4844462009627
"MI","MS",13.9550717821439
"MI","MO",9.15754681226239
"MI","MT",18.5894305248782
"MI","KS",12.6734088695223
"MI","IN",5.53429362908169
"MI","SD",11.476787608191
"MI","MA",11.8582386811247
"MI","VA",10.1015266285616
"MI","DC",9.80381566087697
"MI","IA",7.00340967990556
"MI","AZ",25.0202507083029
"AR","WV",11.3272452028794
"AR","FL",11.8361535865324
"AR","IL",6.499949225308
"AR","MN",12.8307849725575
"AR","MD",14.701611563801
"AR","RI",19.6809252308849
"AR","ID",21.6784998706746
"AR","NH",20.3821955789965
"AR","NC",12.1147323602026
"AR","VT",19.747495538341
"AR","CT",18.7045119109339
"AR","DE",15.7573465789303
"AR","NM",12.517724446692
"AR","CA",24.5507934635436
"AR","NJ",16.7054198057936
"AR","WI",11.0853970688864
"AR","OR",26.0663847084278
"AR","NE",9.79005716445895
"AR","PA",14.4323521088381
"AR","WA",27.1773152295602
"AR","LA",4.48063121400365
"AR","GA",8.70744232637705
"AR","AL",5.69590192089473
"AR","UT",17.7355120863867
"AR","OH",10.5358220155723
"AR","TX",7.46980836780978
"AR","CO",12.507782621661
"AR","SC",10.6874619704578
"AR","OK",4.67046095061052
"AR","TN",5.63101494140032
"AR","WY",15.8501447048926
"AR","HI",65.2752587107018
"AR","ND",15.4827412108216
"AR","KY",7.05248779442083
"AR","ME",22.790755813429
"AR","NY",17.0571445783975
"AR","NV",21.9859265112034
"AR","AK",50.8080040835426
"AR","MI",12.4844462009627
"AR","AR",0
"AR","MS",3.54463369284501
"AR","MO",3.86055249251394
"AR","MT",19.7072969885405
"AR","KS",6.63433733154207
"AR","IN",7.79804454304162
"AR","SD",12.5269343249603
"AR","MA",19.8735544178775
"AR","VA",12.6954002180801
"AR","DC",14.4134804553101
"AR","IA",8.04014645506968
"AR","AZ",17.6029675977626
"MS","WV",10.4971374640779
"MS","FL",8.34267897906233
"MS","IL",8.26256465497553
"MS","MN",15.6662055308341
"MS","MD",13.5849886478087
"MS","RI",18.821727539993
"MS","ID",25.2019102438717
"MS","NH",19.907647465441
"MS","NC",10.1840966927312
"MS","VT",19.4172394927541
"MS","CT",17.9106494219324
"MS","DE",14.5726440838772
"MS","NM",15.3637557082414
"MS","CA",27.7127603309032
"MS","NJ",15.7261151758416
"MS","WI",13.2773115631062
"MS","OR",29.5491444762373
"MS","NE",13.3060612545665
"MS","PA",13.9009546861212
"MS","WA",30.7171096994488
"MS","LA",2.86526583652553
"MS","GA",5.83383909886324
"MS","AL",2.63057256738992
"MS","UT",21.0855993683022
"MS","OH",10.57821144154
"MS","TX",9.2198647421118
"MS","CO",15.9257059767739
"MS","SC",8.27712275803234
"MS","OK",7.90729377903607
"MS","TN",4.6265118825267
"MS","WY",19.3896116325469
"MS","HI",68.1037196964965
"MS","ND",18.7696532411626
"MS","KY",6.668578063444
"MS","ME",22.439806503851
"MS","NY",16.7486493345711
"MS","NV",25.2977619298128
"MS","AK",54.2329242108015
"MS","MI",13.9550717821439
"MS","AR",3.54463369284501
"MS","MS",0
"MS","MO",6.79372566398215
"MS","MT",23.2360215391075
"MS","KS",10.1736688629208
"MS","IN",8.57191499443846
"MS","SD",15.9401656363158
"MS","MA",19.1192365299213
"MS","VA",11.3305613622545
"MS","DC",13.309984890857
"MS","IA",10.9594001240109
"MS","AZ",20.4672751229912
"MO","WV",10.3322169313599
"MO","FL",14.3935468668338
"MO","IL",3.47220305825837
"MO","MN",8.9963696791555
"MO","MD",13.7242875392795
"MO","RI",18.1821171781837
"MO","ID",19.6290804590444
"MO","NH",18.4673698561929
"MO","NC",12.2753929338504
"MO","VT",17.7111636030222
"MO","CT",17.1736056989368
"MO","DE",14.7895517548925
"MO","NM",12.964739611588
"MO","CA",23.8638552971142
"MO","NJ",15.4611929665137
"MO","WI",7.3464136509779
"MO","OR",24.2483939535296
"MO","NE",7.17535538884845
"MO","PA",12.8453210926894
"MO","WA",24.8663812928136
"MO","LA",8.32494049081723
"MO","GA",10.3803247955643
"MO","AL",8.06044837074939
"MO","UT",16.6497319077459
"MO","OH",8.70197312401895
"MO","TX",9.90978180065884
"MO","CO",11.369764264873
"MO","SC",11.5647349082974
"MO","OK",5.44125269590821
"MO","TN",6.12632959385524
"MO","WY",13.7049613440452
"MO","HI",64.97943029158
"MO","ND",12.010422113868
"MO","KY",6.3763165363259
"MO","ME",20.6904712839575
"MO","NY",15.1006811088557
"MO","NV",20.9237199595247
"MO","AK",47.5532706575642
"MO","MI",9.15754681226239
"MO","AR",3.86055249251394
"MO","MS",6.79372566398215
"MO","MO",0
"MO","MT",16.9793687396171
"MO","KS",5.14846544890319
"MO","IN",5.61970847146854
"MO","SD",9.3480866619844
"MO","MA",18.2586016406918
"MO","VA",12.1512701210951
"MO","DC",13.4413572335366
"MO","IA",4.2170923255071
"MO","AZ",17.7581218931404
"MT","WV",25.2910224809463
"MT","FL",31.3167623751675
"MT","IL",18.1588187051343
"MT","MN",11.8001740516278
"MT","MD",28.0641297344738
"MT","RI",30.6444503395396
"MT","ID",4.88268781106606
"MT","NH",29.7178272910886
"MT","NC",28.3138817215612
"MT","VT",28.7441178951389
"MT","CT",29.7334251755236
"MT","DE",28.9692904940058
"MT","NM",14.3491856526791
"MT","CA",13.6828039113477
"MT","NJ",28.9869723327725
"MT","WI",15.6272653613869
"MT","OR",9.21040068397762
"MT","NE",9.93706728542648
"MT","PA",26.184786535285
"MT","WA",8.28062714977932
"MT","LA",23.5561191483915
"MT","GA",27.3352589911471
"MT","AL",24.9721467663717
"MT","UT",8.73872035469976
"MT","OH",22.7532263478832
"MT","TX",19.4620189170415
"MT","CO",9.54233702339657
"MT","SC",28.1977929650549
"MT","OK",16.2527930248893
"MT","TN",22.9566584144621
"MT","WY",4.7827543617497
"MT","HI",52.135653269158
"MT","ND",6.94607466707924
"MT","KY",22.5472326944347
"MT","ME",30.8997735491837
"MT","NY",26.9798299233597
"MT","NV",10.2570910779918
"MT","AK",31.4992674431819
"MT","MI",18.5894305248782
"MT","AR",19.7072969885405
"MT","MS",23.2360215391075
"MT","MO",16.9793687396171
"MT","MT",0
"MT","KS",13.2153800105363
"MT","IN",20.3678098620618
"MT","SD",7.8594524668764
"MT","MA",30.4046241569952
"MT","VA",27.405284743225
"MT","DC",27.8390909798098
"MT","IA",13.9125106853608
"MT","AZ",14.2832394748202
"KS","WV",15.441140875455
"KS","FL",18.4584271283601
"KS","IL",8.15442836964895
"KS","MN",9.40141527041053
"KS","MD",18.804615717969
"KS","RI",23.0527314218202
"KS","ID",15.0559737175934
"KS","NH",23.1152215366728
"KS","NC",17.392279937141
"KS","VT",22.2927144992035
"KS","CT",22.0422708802172
"KS","DE",19.8632325064696
"KS","NM",8.26236711063428
"KS","CA",18.7198868303906
"KS","NJ",20.456884109626
"KS","WI",9.93049742442285
"KS","OR",19.5069907120902
"KS","NE",3.59966737672735
"KS","PA",17.7572181686562
"KS","WA",20.5436372009122
"KS","LA",10.3484386274449
"KS","GA",14.9985109436746
"KS","AL",12.2174262763134
"KS","UT",11.5472365125961
"KS","OH",13.6220372927326
"KS","TX",7.88047286698565
"KS","CO",6.24801786115175
"KS","SC",16.5215847067929
"KS","OK",3.32126161737052
"KS","TN",11.0661443502116
"KS","WY",9.21617807381881
"KS","HI",59.8311469774684
"KS","ND",10.1190565716805
"KS","KY",11.5210381940226
"KS","ME",25.1777685262134
"KS","NY",19.7838970413504
"KS","NV",15.8304835844292
"KS","AK",44.5845595931478
"KS","MI",12.6734088695223
"KS","AR",6.63433733154207
"KS","MS",10.1736688629208
"KS","MO",5.14846544890319
"KS","MT",13.2153800105363
"KS","KS",0
"KS","IN",10.5495305933114
"KS","SD",6.80199636828439
"KS","MA",23.0748754011894
"KS","VA",17.2945267080276
"KS","DC",18.5250966740054
"KS","IA",5.7553767690808
"KS","AZ",12.7710166613095
"IN","WV",5.08574496180973
"IN","FL",13.2098379472666
"IN","IL",2.45434790915897
"IN","MN",9.6120533459992
"IN","MD",8.31612765558009
"IN","RI",12.5664976151608
"IN","ID",23.8144157796303
"IN","NH",12.8842868995984
"IN","NC",7.96843685695129
"IN","VT",12.1608580103105
"IN","CT",11.5571612578879
"IN","DE",9.35865737037964
"IN","NM",18.5738063160478
"IN","CA",29.040709833592
"IN","NJ",9.90736611348421
"IN","WI",5.97247228149429
"IN","OR",28.5652210818481
"IN","NE",11.5408124951636
"IN","PA",7.23568509845649
"IN","WA",28.598323613949
"IN","LA",11.2103098757082
"IN","GA",8.4992663429708
"IN","AL",7.98969705940524
"IN","UT",21.712999657404
"IN","OH",3.08839183476371
"IN","TX",15.0674046236511
"IN","CO",16.5581327897105
"IN","SC",8.27228661999581
"IN","OK",10.9859819210786
"IN","TN",4.53869467176037
"IN","WY",18.0211361159452
"IN","HI",70.1860566817396
"IN","ND",14.1289070422567
"IN","KY",2.79975163239648
"IN","ME",15.1734497851942
"IN","NY",9.5163373235859
"IN","NV",25.9192052511636
"IN","AK",49.1748945599676
"IN","MI",5.53429362908169
"IN","AR",7.79804454304162
"IN","MS",8.57191499443846
"IN","MO",5.61970847146854
"IN","MT",20.3678098620618
"IN","KS",10.5495305933114
"IN","IN",0
"IN","SD",12.5359827633297
"IN","MA",12.6389277473018
"IN","VA",7.13452981353257
"IN","DC",8.04478095714541
"IN","IA",6.51903364664102
"IN","AZ",23.2995901306026
"SD","WV",17.516936194428
"SD","FL",23.7387977582953
"SD","IL",10.3000116722068
"SD","MN",5.17227232097733
"SD","MD",20.4197775752569
"SD","RI",23.4551073695483
"SD","ID",11.4587826618514
"SD","NH",22.8247726163201
"SD","NC",20.4632928190177
"SD","VT",21.8792197918938
"SD","CT",22.4975824783736
"SD","DE",21.3677813293132
"SD","NM",12.232193893689
"SD","CA",18.1749948649291
"SD","NJ",21.5146002884439
"SD","WI",8.326796337771
"SD","OR",16.2308763143095
"SD","NE",3.25623544478678
"SD","PA",18.6843019455013
"SD","WA",16.0624405320546
"SD","LA",16.7627907768534
"SD","GA",19.5895641179026
"SD","AL",17.4084515361499
"SD","UT",11.0488247959598
"SD","OH",15.0424577708073
"SD","TX",14.4811517745066
"SD","CO",7.49040640482176
"SD","SC",20.3506039858585
"SD","OK",10.1227292235994
"SD","TN",15.1679048302317
"SD","WY",6.10098788604143
"SD","HI",58.7213988871267
"SD","ND",3.35600457723839
"SD","KY",14.6895818104901
"SD","ME",24.3512590540672
"SD","NY",19.8287055299329
"SD","NV",14.7045369471944
"SD","AK",38.294332820848
"SD","MI",11.476787608191
"SD","AR",12.5269343249603
"SD","MS",15.9401656363158
"SD","MO",9.3480866619844
"SD","MT",7.8594524668764
"SD","KS",6.80199636828439
"SD","IN",12.5359827633297
"SD","SD",0
"SD","MA",23.290160476864
"SD","VA",19.6196912264123
"SD","DC",20.1814392604988
"SD","IA",6.05424778760161
"SD","AZ",14.9476603890075
"MA","WV",8.65205000621276
"MA","FL",18.1623797398243
"MA","IL",14.9368996203165
"MA","MN",18.6146648926514
"MA","MD",5.65643526627712
"MA","RI",0.629695871141177
"MA","ID",34.6588644828901
"MA","NH",1.69310448467047
"MA","NC",9.90443413920466
"MA","VT",2.33051089454766
"MA","CT",1.21279766407134
"MA","DE",4.85271004741406
"MA","NM",31.2007800384454
"MA","CA",41.0718789315475
"MA","NJ",3.49088346900842
"MA","WI",14.9669735900264
"MA","OR",39.3967094948174
"MA","NE",23.3774178046216
"MA","PA",5.46198818078645
"MA","WA",38.5677279710181
"MA","LA",21.9735801261148
"MA","GA",14.9221421958683
"MA","AL",17.0814984294291
"MA","UT",33.7173206118915
"MA","OH",9.56440491881171
"MA","TX",27.342153922626
"MA","CO",28.8048682003153
"MA","SC",12.3289563581954
"MA","OK",23.5884830041854
"MA","TN",14.6079466094093
"MA","WY",29.3340477815367
"MA","HI",81.9900150775889
"MA","ND",23.4732074465193
"MA","KY",12.8431502789037
"MA","ME",3.92975860790423
"MA","NY",3.46160913981887
"MA","NV",37.7552902135119
"MA","AK",54.3492780620194
"MA","MI",11.8582386811247
"MA","AR",19.8735544178775
"MA","MS",19.1192365299213
"MA","MO",18.2586016406918
"MA","MT",30.4046241569952
"MA","KS",23.0748754011894
"MA","IN",12.6389277473018
"MA","SD",23.290160476864
"MA","MA",0
"MA","VA",8.01165219148043
"MA","DC",5.90400884248409
"MA","IA",18.112728043473
"MA","AZ",35.8433031649983
"VA","WV",2.12101119180837
"VA","FL",10.6610935520185
"VA","IL",9.53885053069244
"VA","MN",16.1456903569911
"VA","MD",2.35559736060081
"VA","RI",7.62707491288282
"VA","ID",30.946390438874
"VA","NH",9.11055086339565
"VA","NC",2.24825520718037
"VA","VT",8.88251396250781
"VA","CT",6.8061808786927
"VA","DE",3.25891268387038
"VA","NM",24.8732828218779
"VA","CA",35.9811718709829
"VA","NJ",4.52416693759262
"VA","WI",12.1960949008908
"VA","OR",35.6993239393572
"VA","NE",18.6480064488827
"VA","PA",3.83601157127952
"VA","WA",35.6657923163671
"VA","LA",14.139345988073
"VA","GA",6.94244925100664
"VA","AL",9.12842173632171
"VA","UT",28.7036365591991
"VA","OH",4.76357265504519
"VA","TX",20.0649237101687
"VA","CO",23.4714823550086
"VA","SC",4.50578710706062
"VA","OK",16.9574416705842
"VA","TN",7.09872082588578
"VA","WY",25.1532486253848
"VA","HI",77.1193975417222
"VA","ND",20.9322042281232
"VA","KY",5.84755856908844
"VA","ME",11.6947779425529
"VA","NY",6.56253144682083
"VA","NV",32.9458165194464
"VA","AK",55.1313436916546
"VA","MI",10.1015266285616
"VA","AR",12.6954002180801
"VA","MS",11.3305613622545
"VA","MO",12.1512701210951
"VA","MT",27.405284743225
"VA","KS",17.2945267080276
"VA","IN",7.13452981353257
"VA","SD",19.6196912264123
"VA","MA",8.01165219148043
"VA","VA",0
"VA","DC",2.11910127838084
"VA","IA",13.6440704406158
"VA","AZ",29.8162608492258
"DC","WV",3.13551561079103
"DC","FL",12.6514783539116
"DC","IL",10.4987624935792
"DC","MN",16.2806140740122
"DC","MD",0.2887788994665
"DC","RI",5.54222353648621
"DC","ID",31.6133085129844
"DC","NH",6.99675136656554
"DC","NC",4.20213672707085
"DC","VT",6.8025982428163
"DC","CT",4.69487185152361
"DC","DE",1.35752477446582
"DC","NM",26.3366003707224
"DC","CA",37.0854219884518
"DC","NJ",2.43120339892545
"DC","WI",12.3167851829644
"DC","OR",36.3843624754629
"DC","NE",19.536871078333
"DC","PA",2.32599965956852
"DC","WA",36.1197126614761
"DC","LA",16.1449428748778
"DC","GA",9.06015093072159
"DC","AL",11.1918708907901
"DC","UT",29.756121559776
"DC","OH",5.15941891642019
"DC","TX",21.8513826310064
"DC","CO",24.5978591219212
"DC","SC",6.57152344467083
"DC","OK",18.4901606442922
"DC","TN",8.92184658188269
"DC","WY",25.9258455408687
"DC","HI",78.230482836513
"DC","ND",21.1678898754286
"DC","KY",7.39484448883935
"DC","ME",9.57928965505678
"DC","NY",4.62766855819797
"DC","NV",33.9531940603746
"DC","AK",54.6543361015778
"DC","MI",9.80381566087697
"DC","AR",14.4134804553101
"DC","MS",13.309984890857
"DC","MO",13.4413572335366
"DC","MT",27.8390909798098
"DC","KS",18.5250966740054
"DC","IN",8.04478095714541
"DC","SD",20.1814392604988
"DC","MA",5.90400884248409
"DC","VA",2.11910127838084
"DC","DC",0
"DC","IA",14.3692940475414
"DC","AZ",31.1966815457508
"IA","WV",11.5654319674887
"IA","FL",18.1212613718417
"IA","IL",4.24640450246132
"IA","MN",4.79075369536993
"IA","MD",14.6229380102814
"IA","RI",18.1842217422466
"IA","ID",17.3040439270003
"IA","NH",17.9250254807627
"IA","NC",14.4126677989151
"IA","VT",17.0430652063446
"IA","CT",17.1893485531968
"IA","DE",15.6172468805266
"IA","NM",13.9060221103169
"IA","CA",22.9719802672627
"IA","NJ",15.927100416426
"IA","WI",4.17667011734454
"IA","OR",22.0623654054192
"IA","NE",5.27108822419408
"IA","PA",13.1071963229618
"IA","WA",22.104249412282
"IA","LA",12.519932273331
"IA","GA",13.7553489074536
"IA","AL",11.91601152112
"IA","UT",15.6126660533141
"IA","OH",9.21210260723768
"IA","TX",12.9095492743237
"IA","CO",10.7411966744407
"IA","SC",14.3321297065717
"IA","OK",8.01598426830057
"IA","TN",9.29345860415475
"IA","WY",11.5577984581589
"IA","HI",64.0139934993265
"IA","ND",8.12384501435448
"IA","KY",8.64953095414828
"IA","ME",19.8057952776069
"IA","NY",14.696883744598
"IA","NV",19.7080437741755
"IA","AK",43.6802930606752
"IA","MI",7.00340967990556
"IA","AR",8.04014645506968
"IA","MS",10.9594001240109
"IA","MO",4.2170923255071
"IA","MT",13.9125106853608
"IA","KS",5.7553767690808
"IA","IN",6.51903364664102
"IA","SD",6.05424778760161
"IA","MA",18.112728043473
"IA","VA",13.6440704406158
"IA","DC",14.3692940475414
"IA","IA",0
"IA","AZ",18.0480093852124
"AZ","WV",28.0778339094324
"AZ","FL",28.3873059692193
"AZ","IL",20.9236547582827
"AZ","MN",19.9144064358017
"AZ","MD",31.480412145188
"AZ","RI",35.8237076004939
"AZ","ID",11.5284761787844
"AZ","NH",35.8443289320512
"AZ","NC",29.596358864382
"AZ","VT",35.0001564902445
"AZ","CT",34.8132209134692
"AZ","DE",32.5466937323633
"AZ","NM",5.10723189652119
"AZ","CA",7.92133458819989
"AZ","NJ",33.1998089807783
"AZ","WI",21.9817299799255
"AZ","OR",13.2096531438117
"AZ","NE",13.1408539433263
"AZ","PA",30.5228020899828
"AZ","WA",16.3990405054487
"AZ","LA",18.9602910348512
"AZ","GA",26.2030862302265
"AZ","AL",23.0394662963887
"AZ","UT",5.60013360912275
"AZ","OH",26.3816282547618
"AZ","TX",11.9623058504857
"AZ","CO",7.56495640309022
"AZ","SC",28.2901634497006
"AZ","OK",12.9866491364163
"AZ","TN",23.07054767536
"AZ","WY",10.3270475575657
"AZ","HI",47.6812245577767
"AZ","ND",17.3727017341493
"AZ","KY",23.9697781130877
"AZ","ME",37.8290309878957
"AZ","NY",32.53203590301
"AZ","NV",7.17673009870529
"AZ","AK",42.5538771812528
"AZ","MI",25.0202507083029
"AZ","AR",17.6029675977626
"AZ","MS",20.4672751229912
"AZ","MO",17.7581218931404
"AZ","MT",14.2832394748202
"AZ","KS",12.7710166613095
"AZ","IN",23.2995901306026
"AZ","SD",14.9476603890075
"AZ","MA",35.8433031649983
"AZ","VA",29.8162608492258
"AZ","DC",31.1966815457508
"AZ","IA",18.0480093852124
"AZ","AZ",0
